t,vf,vc,ic
-1.0000,0.0000,0.0000,0.0000
-0.9900,0.0000,0.0000,0.0000
-0.9800,0.0000,0.0000,0.0000
-0.9700,0.0000,0.0000,0.0000
-0.9600,0.0000,0.0000,0.0000
-0.9500,0.0000,0.0000,0.0000
-0.9400,0.0000,0.0000,0.0000
-0.9300,0.0000,0.0000,0.0000
-0.9200,0.0000,0.0000,0.0000
-0.9100,0.0000,0.0000,0.0000
-0.9000,0.0000,0.0000,0.0000
-0.8900,0.0000,0.0000,0.0000
-0.8800,0.0000,0.0000,0.0000
-0.8700,0.0000,0.0000,0.0000
-0.8600,0.0000,0.0000,0.0000
-0.8500,0.0000,0.0000,0.0000
-0.8400,0.0000,0.0000,0.0000
-0.8300,0.0000,0.0000,0.0000
-0.8200,0.0000,0.0000,0.0000
-0.8100,0.0000,0.0000,0.0000
-0.8000,0.0000,0.0000,0.0000
-0.7900,0.0000,0.0000,0.0000
-0.7800,0.0000,0.0000,0.0000
-0.7700,0.0000,0.0000,0.0000
-0.7600,0.0000,0.0000,0.0000
-0.7500,0.0000,0.0000,0.0000
-0.7400,0.0000,0.0000,0.0000
-0.7300,0.0000,0.0000,0.0000
-0.7200,0.0000,0.0000,0.0000
-0.7100,0.0000,0.0000,0.0000
-0.7000,0.0000,0.0000,0.0000
-0.6900,0.0000,0.0000,0.0000
-0.6800,0.0000,0.0000,0.0000
-0.6700,0.0000,0.0000,0.0000
-0.6600,0.0000,0.0000,0.0000
-0.6500,0.0000,0.0000,0.0000
-0.6400,0.0000,0.0000,0.0000
-0.6300,0.0000,0.0000,0.0000
-0.6200,0.0000,0.0000,0.0000
-0.6100,0.0000,0.0000,0.0000
-0.6000,0.0000,0.0000,0.0000
-0.5900,0.0000,0.0000,0.0000
-0.5800,0.0000,0.0000,0.0000
-0.5700,0.0000,0.0000,0.0000
-0.5600,0.0000,0.0000,0.0000
-0.5500,0.0000,0.0000,0.0000
-0.5400,0.0000,0.0000,0.0000
-0.5300,0.0000,0.0000,0.0000
-0.5200,0.0000,0.0000,0.0000
-0.5100,0.0000,0.0000,0.0000
-0.5000,0.0000,0.0000,0.0000
-0.4900,0.0000,0.0000,0.0000
-0.4800,0.0000,0.0000,0.0000
-0.4700,0.0000,0.0000,0.0000
-0.4600,0.0000,0.0000,0.0000
-0.4500,0.0000,0.0000,0.0000
-0.4400,0.0000,0.0000,0.0000
-0.4300,0.0000,0.0000,0.0000
-0.4200,0.0000,0.0000,0.0000
-0.4100,0.0000,0.0000,0.0000
-0.4000,0.0000,0.0000,0.0000
-0.3900,0.0000,0.0000,0.0000
-0.3800,0.0000,0.0000,0.0000
-0.3700,0.0000,0.0000,0.0000
-0.3600,0.0000,0.0000,0.0000
-0.3500,0.0000,0.0000,0.0000
-0.3400,0.0000,0.0000,0.0000
-0.3300,0.0000,0.0000,0.0000
-0.3200,0.0000,0.0000,0.0000
-0.3100,0.0000,0.0000,0.0000
-0.3000,0.0000,0.0000,0.0000
-0.2900,0.0000,0.0000,0.0000
-0.2800,0.0000,0.0000,0.0000
-0.2700,0.0000,0.0000,0.0000
-0.2600,0.0000,0.0000,0.0000
-0.2500,0.0000,0.0000,0.0000
-0.2400,0.0000,0.0000,0.0000
-0.2300,0.0000,0.0000,0.0000
-0.2200,0.0000,0.0000,0.0000
-0.2100,0.0000,0.0000,0.0000
-0.2000,0.0000,0.0000,0.0000
-0.1900,0.0000,0.0000,0.0000
-0.1800,0.0000,0.0000,0.0000
-0.1700,0.0000,0.0000,0.0000
-0.1600,0.0000,0.0000,0.0000
-0.1500,0.0000,0.0000,0.0000
-0.1400,0.0000,0.0000,0.0000
-0.1300,0.0000,0.0000,0.0000
-0.1200,0.0000,0.0000,0.0000
-0.1100,0.0000,0.0000,0.0000
-0.1000,0.0000,0.0000,0.0000
-0.0900,0.0000,0.0000,0.0000
-0.0800,0.0000,0.0000,0.0000
-0.0700,0.0000,0.0000,0.0000
-0.0600,0.0000,0.0000,0.0000
-0.0500,0.0000,0.0000,0.0000
-0.0400,0.0000,0.0000,0.0000
-0.0300,0.0000,0.0000,0.0000
-0.0200,0.0000,0.0000,0.0000
-0.0100,0.0000,0.0000,0.0000
0.0000,0.0000,0.0000,0.0000
0.0100,0.0000,0.0000,0.0000
0.0200,0.0000,0.0000,0.0000
0.0300,0.0000,0.0000,0.0000
0.0400,0.0000,0.0000,0.0000
0.0500,0.0000,0.0000,0.0000
0.0600,0.0000,0.0000,0.0000
0.0700,0.0000,0.0000,0.0000
0.0800,0.0000,0.0000,0.0000
0.0900,0.0000,0.0000,0.0000
0.1000,0.0000,0.0000,0.0000
0.1100,0.0000,0.0000,0.0000
0.1200,0.0000,0.0000,0.0000
0.1300,0.0000,0.0000,0.0000
0.1400,0.0000,0.0000,0.0000
0.1500,0.0000,0.0000,0.0000
0.1600,0.0000,0.0000,0.0000
0.1700,0.0000,0.0000,0.0000
0.1800,0.0000,0.0000,0.0000
0.1900,0.0000,0.0000,0.0000
0.2000,0.0000,0.0000,0.0000
0.2100,0.0000,0.0000,0.0000
0.2200,0.0000,0.0000,0.0000
0.2300,0.0000,0.0000,0.0000
0.2400,0.0000,0.0000,0.0000
0.2500,0.0000,0.0000,0.0000
0.2600,0.0000,0.0000,0.0000
0.2700,0.0000,0.0000,0.0000
0.2800,0.0000,0.0000,0.0000
0.2900,0.0000,0.0000,0.0000
0.3000,0.0000,0.0000,0.0000
0.3100,0.0000,0.0000,0.0000
0.3200,0.0000,0.0000,0.0000
0.3300,0.0000,0.0000,0.0000
0.3400,0.0000,0.0000,0.0000
0.3500,0.0000,0.0000,0.0000
0.3600,0.0000,0.0000,0.0000
0.3700,0.0000,0.0000,0.0000
0.3800,0.0000,0.0000,0.0000
0.3900,0.0000,0.0000,0.0000
0.4000,0.0000,0.0000,0.0000
0.4100,0.0000,0.0000,0.0000
0.4200,0.0000,0.0000,0.0000
0.4300,0.0000,0.0000,0.0000
0.4400,0.0000,0.0000,0.0000
0.4500,0.0000,0.0000,0.0000
0.4600,0.0000,0.0000,0.0000
0.4700,0.0000,0.0000,0.0000
0.4800,0.0000,0.0000,0.0000
0.4900,0.0000,0.0000,0.0000
0.5000,0.0000,0.0000,0.0000
0.5100,0.0000,0.0000,0.0000
0.5200,0.0000,0.0000,0.0000
0.5300,0.0000,0.0000,0.0000
0.5400,0.0000,0.0000,0.0000
0.5500,0.0000,0.0000,0.0000
0.5600,0.0000,0.0000,0.0000
0.5700,0.0000,0.0000,0.0000
0.5800,0.0000,0.0000,0.0000
0.5900,0.0000,0.0000,0.0000
0.6000,0.0000,0.0000,0.0000
0.6100,0.0000,0.0000,0.0000
0.6200,0.0000,0.0000,0.0000
0.6300,0.0000,0.0000,0.0000
0.6400,0.0000,0.0000,0.0000
0.6500,0.0000,0.0000,0.0000
0.6600,0.0000,0.0000,0.0000
0.6700,0.0000,0.0000,0.0000
0.6800,0.0000,0.0000,0.0000
0.6900,0.0000,0.0000,0.0000
0.7000,0.0000,0.0000,0.0000
0.7100,0.0000,0.0000,0.0000
0.7200,0.0000,0.0000,0.0000
0.7300,0.0000,0.0000,0.0000
0.7400,0.0000,0.0000,0.0000
0.7500,0.0000,0.0000,0.0000
0.7600,0.0000,0.0000,0.0000
0.7700,0.0000,0.0000,0.0000
0.7800,0.0000,0.0000,0.0000
0.7900,0.0000,0.0000,0.0000
0.8000,0.0000,0.0000,0.0000
0.8100,0.0000,0.0000,0.0000
0.8200,0.0000,0.0000,0.0000
0.8300,0.0000,0.0000,0.0000
0.8400,0.0000,0.0000,0.0000
0.8500,0.0000,0.0000,0.0000
0.8600,0.0000,0.0000,0.0000
0.8700,0.0000,0.0000,0.0000
0.8800,0.0000,0.0000,0.0000
0.8900,0.0000,0.0000,0.0000
0.9000,0.0000,0.0000,0.0000
0.9100,0.0000,0.0000,0.0000
0.9200,0.0000,0.0000,0.0000
0.9300,0.0000,0.0000,0.0000
0.9400,0.0000,0.0000,0.0000
0.9500,0.0000,0.0000,0.0000
0.9600,0.0000,0.0000,0.0000
0.9700,0.0000,0.0000,0.0000
0.9800,0.0000,0.0000,0.0000
0.9900,0.0000,0.0000,0.0000
1.0000,10.0000,0.0000,10.0000
1.0100,10.0000,0.0995,9.9005
1.0200,10.0000,0.1980,9.8020
1.0300,10.0000,0.2955,9.7045
1.0400,10.0000,0.3921,9.6079
1.0500,10.0000,0.4877,9.5123
1.0600,10.0000,0.5824,9.4176
1.0700,10.0000,0.6761,9.3239
1.0800,10.0000,0.7688,9.2312
1.0900,10.0000,0.8607,9.1393
1.1000,10.0000,0.9516,9.0484
1.1100,10.0000,1.0417,8.9583
1.1200,10.0000,1.1308,8.8692
1.1300,10.0000,1.2190,8.7810
1.1400,10.0000,1.3064,8.6936
1.1500,10.0000,1.3929,8.6071
1.1600,10.0000,1.4786,8.5214
1.1700,10.0000,1.5634,8.4366
1.1800,10.0000,1.6473,8.3527
1.1900,10.0000,1.7304,8.2696
1.2000,10.0000,1.8127,8.1873
1.2100,10.0000,1.8942,8.1058
1.2200,10.0000,1.9748,8.0252
1.2300,10.0000,2.0547,7.9453
1.2400,10.0000,2.1337,7.8663
1.2500,10.0000,2.2120,7.7880
1.2600,10.0000,2.2895,7.7105
1.2700,10.0000,2.3662,7.6338
1.2800,10.0000,2.4422,7.5578
1.2900,10.0000,2.5174,7.4826
1.3000,10.0000,2.5918,7.4082
1.3100,10.0000,2.6655,7.3345
1.3200,10.0000,2.7385,7.2615
1.3300,10.0000,2.8108,7.1892
1.3400,10.0000,2.8823,7.1177
1.3500,10.0000,2.9531,7.0469
1.3600,10.0000,3.0232,6.9768
1.3700,10.0000,3.0927,6.9073
1.3800,10.0000,3.1614,6.8386
1.3900,10.0000,3.2294,6.7706
1.4000,10.0000,3.2968,6.7032
1.4100,10.0000,3.3635,6.6365
1.4200,10.0000,3.4295,6.5705
1.4300,10.0000,3.4949,6.5051
1.4400,10.0000,3.5596,6.4404
1.4500,10.0000,3.6237,6.3763
1.4600,10.0000,3.6872,6.3128
1.4700,10.0000,3.7500,6.2500
1.4800,10.0000,3.8122,6.1878
1.4900,10.0000,3.8737,6.1263
1.5000,10.0000,3.9347,6.0653
1.5100,10.0000,3.9950,6.0050
1.5200,10.0000,4.0548,5.9452
1.5300,10.0000,4.1140,5.8860
1.5400,10.0000,4.1725,5.8275
1.5500,10.0000,4.2305,5.7695
1.5600,10.0000,4.2879,5.7121
1.5700,10.0000,4.3447,5.6553
1.5800,10.0000,4.4010,5.5990
1.5900,10.0000,4.4567,5.5433
1.6000,10.0000,4.5119,5.4881
1.6100,10.0000,4.5665,5.4335
1.6200,10.0000,4.6206,5.3794
1.6300,10.0000,4.6741,5.3259
1.6400,10.0000,4.7271,5.2729
1.6500,10.0000,4.7795,5.2205
1.6600,10.0000,4.8315,5.1685
1.6700,10.0000,4.8829,5.1171
1.6800,10.0000,4.9338,5.0662
1.6900,10.0000,4.9842,5.0158
1.7000,10.0000,5.0341,4.9659
1.7100,10.0000,5.0836,4.9164
1.7200,10.0000,5.1325,4.8675
1.7300,10.0000,5.1809,4.8191
1.7400,10.0000,5.2289,4.7711
1.7500,10.0000,5.2763,4.7237
1.7600,10.0000,5.3233,4.6767
1.7700,10.0000,5.3699,4.6301
1.7800,10.0000,5.4159,4.5841
1.7900,10.0000,5.4616,4.5384
1.8000,10.0000,5.5067,4.4933
1.8100,10.0000,5.5514,4.4486
1.8200,10.0000,5.5957,4.4043
1.8300,10.0000,5.6395,4.3605
1.8400,10.0000,5.6829,4.3171
1.8500,10.0000,5.7259,4.2741
1.8600,10.0000,5.7684,4.2316
1.8700,10.0000,5.8105,4.1895
1.8800,10.0000,5.8522,4.1478
1.8900,10.0000,5.8934,4.1066
1.9000,10.0000,5.9343,4.0657
1.9100,10.0000,5.9748,4.0252
1.9200,10.0000,6.0148,3.9852
1.9300,10.0000,6.0545,3.9455
1.9400,10.0000,6.0937,3.9063
1.9500,10.0000,6.1326,3.8674
1.9600,10.0000,6.1711,3.8289
1.9700,10.0000,6.2092,3.7908
1.9800,10.0000,6.2469,3.7531
1.9900,10.0000,6.2842,3.7158
2.0000,10.0000,6.3212,3.6788
2.0100,10.0000,6.3578,3.6422
2.0200,10.0000,6.3941,3.6059
2.0300,10.0000,6.4299,3.5701
2.0400,10.0000,6.4655,3.5345
2.0500,10.0000,6.5006,3.4994
2.0600,10.0000,6.5354,3.4646
2.0700,10.0000,6.5699,3.4301
2.0800,10.0000,6.6040,3.3960
2.0900,10.0000,6.6378,3.3622
2.1000,10.0000,6.6713,3.3287
2.1100,10.0000,6.7044,3.2956
2.1200,10.0000,6.7372,3.2628
2.1300,10.0000,6.7697,3.2303
2.1400,10.0000,6.8018,3.1982
2.1500,10.0000,6.8336,3.1664
2.1600,10.0000,6.8651,3.1349
2.1700,10.0000,6.8963,3.1037
2.1800,10.0000,6.9272,3.0728
2.1900,10.0000,6.9578,3.0422
2.2000,10.0000,6.9881,3.0119
2.2100,10.0000,7.0180,2.9820
2.2200,10.0000,7.0477,2.9523
2.2300,10.0000,7.0771,2.9229
2.2400,10.0000,7.1062,2.8938
2.2500,10.0000,7.1350,2.8650
2.2600,10.0000,7.1635,2.8365
2.2700,10.0000,7.1917,2.8083
2.2800,10.0000,7.2196,2.7804
2.2900,10.0000,7.2473,2.7527
2.3000,10.0000,7.2747,2.7253
2.3100,10.0000,7.3018,2.6982
2.3200,10.0000,7.3286,2.6714
2.3300,10.0000,7.3552,2.6448
2.3400,10.0000,7.3815,2.6185
2.3500,10.0000,7.4076,2.5924
2.3600,10.0000,7.4334,2.5666
2.3700,10.0000,7.4589,2.5411
2.3800,10.0000,7.4842,2.5158
2.3900,10.0000,7.5092,2.4908
2.4000,10.0000,7.5340,2.4660
2.4100,10.0000,7.5586,2.4414
2.4200,10.0000,7.5829,2.4171
2.4300,10.0000,7.6069,2.3931
2.4400,10.0000,7.6307,2.3693
2.4500,10.0000,7.6543,2.3457
2.4600,10.0000,7.6776,2.3224
2.4700,10.0000,7.7007,2.2993
2.4800,10.0000,7.7236,2.2764
2.4900,10.0000,7.7463,2.2537
2.5000,10.0000,7.7687,2.2313
2.5100,10.0000,7.7909,2.2091
2.5200,10.0000,7.8129,2.1871
2.5300,10.0000,7.8346,2.1654
2.5400,10.0000,7.8562,2.1438
2.5500,10.0000,7.8775,2.1225
2.5600,10.0000,7.8986,2.1014
2.5700,10.0000,7.9195,2.0805
2.5800,10.0000,7.9402,2.0598
2.5900,10.0000,7.9607,2.0393
2.6000,10.0000,7.9810,2.0190
2.6100,10.0000,8.0011,1.9989
2.6200,10.0000,8.0210,1.9790
2.6300,10.0000,8.0407,1.9593
2.6400,10.0000,8.0602,1.9398
2.6500,10.0000,8.0795,1.9205
2.6600,10.0000,8.0986,1.9014
2.6700,10.0000,8.1175,1.8825
2.6800,10.0000,8.1363,1.8637
2.6900,10.0000,8.1548,1.8452
2.7000,10.0000,8.1732,1.8268
2.7100,10.0000,8.1913,1.8087
2.7200,10.0000,8.2093,1.7907
2.7300,10.0000,8.2272,1.7728
2.7400,10.0000,8.2448,1.7552
2.7500,10.0000,8.2623,1.7377
2.7600,10.0000,8.2796,1.7204
2.7700,10.0000,8.2967,1.7033
2.7800,10.0000,8.3136,1.6864
2.7900,10.0000,8.3304,1.6696
2.8000,10.0000,8.3470,1.6530
2.8100,10.0000,8.3635,1.6365
2.8200,10.0000,8.3797,1.6203
2.8300,10.0000,8.3959,1.6041
2.8400,10.0000,8.4118,1.5882
2.8500,10.0000,8.4276,1.5724
2.8600,10.0000,8.4433,1.5567
2.8700,10.0000,8.4588,1.5412
2.8800,10.0000,8.4741,1.5259
2.8900,10.0000,8.4893,1.5107
2.9000,10.0000,8.5043,1.4957
2.9100,10.0000,8.5192,1.4808
2.9200,10.0000,8.5339,1.4661
2.9300,10.0000,8.5485,1.4515
2.9400,10.0000,8.5630,1.4370
2.9500,10.0000,8.5773,1.4227
2.9600,10.0000,8.5914,1.4086
2.9700,10.0000,8.6054,1.3946
2.9800,10.0000,8.6193,1.3807
2.9900,10.0000,8.6330,1.3670
3.0000,0.0000,8.6466,-8.6466
3.0100,0.0000,8.5606,-8.5606
3.0200,0.0000,8.4754,-8.4754
3.0300,0.0000,8.3911,-8.3911
3.0400,0.0000,8.3076,-8.3076
3.0500,0.0000,8.2249,-8.2249
3.0600,0.0000,8.1431,-8.1431
3.0700,0.0000,8.0621,-8.0621
3.0800,0.0000,7.9819,-7.9819
3.0900,0.0000,7.9024,-7.9024
3.1000,0.0000,7.8238,-7.8238
3.1100,0.0000,7.7460,-7.7460
3.1200,0.0000,7.6689,-7.6689
3.1300,0.0000,7.5926,-7.5926
3.1400,0.0000,7.5170,-7.5170
3.1500,0.0000,7.4422,-7.4422
3.1600,0.0000,7.3682,-7.3682
3.1700,0.0000,7.2949,-7.2949
3.1800,0.0000,7.2223,-7.2223
3.1900,0.0000,7.1504,-7.1504
3.2000,0.0000,7.0793,-7.0793
3.2100,0.0000,7.0088,-7.0088
3.2200,0.0000,6.9391,-6.9391
3.2300,0.0000,6.8701,-6.8701
3.2400,0.0000,6.8017,-6.8017
3.2500,0.0000,6.7340,-6.7340
3.2600,0.0000,6.6670,-6.6670
3.2700,0.0000,6.6007,-6.6007
3.2800,0.0000,6.5350,-6.5350
3.2900,0.0000,6.4700,-6.4700
3.3000,0.0000,6.4056,-6.4056
3.3100,0.0000,6.3419,-6.3419
3.3200,0.0000,6.2788,-6.2788
3.3300,0.0000,6.2163,-6.2163
3.3400,0.0000,6.1544,-6.1544
3.3500,0.0000,6.0932,-6.0932
3.3600,0.0000,6.0326,-6.0326
3.3700,0.0000,5.9725,-5.9725
3.3800,0.0000,5.9131,-5.9131
3.3900,0.0000,5.8543,-5.8543
3.4000,0.0000,5.7960,-5.7960
3.4100,0.0000,5.7383,-5.7383
3.4200,0.0000,5.6813,-5.6813
3.4300,0.0000,5.6247,-5.6247
3.4400,0.0000,5.5688,-5.5688
3.4500,0.0000,5.5133,-5.5133
3.4600,0.0000,5.4585,-5.4585
3.4700,0.0000,5.4042,-5.4042
3.4800,0.0000,5.3504,-5.3504
3.4900,0.0000,5.2972,-5.2972
3.5000,0.0000,5.2445,-5.2445
3.5100,0.0000,5.1923,-5.1923
3.5200,0.0000,5.1406,-5.1406
3.5300,0.0000,5.0895,-5.0895
3.5400,0.0000,5.0388,-5.0388
3.5500,0.0000,4.9887,-4.9887
3.5600,0.0000,4.9390,-4.9390
3.5700,0.0000,4.8899,-4.8899
3.5800,0.0000,4.8412,-4.8412
3.5900,0.0000,4.7931,-4.7931
3.6000,0.0000,4.7454,-4.7454
3.6100,0.0000,4.6982,-4.6982
3.6200,0.0000,4.6514,-4.6514
3.6300,0.0000,4.6051,-4.6051
3.6400,0.0000,4.5593,-4.5593
3.6500,0.0000,4.5139,-4.5139
3.6600,0.0000,4.4690,-4.4690
3.6700,0.0000,4.4246,-4.4246
3.6800,0.0000,4.3805,-4.3805
3.6900,0.0000,4.3370,-4.3370
3.7000,0.0000,4.2938,-4.2938
3.7100,0.0000,4.2511,-4.2511
3.7200,0.0000,4.2088,-4.2088
3.7300,0.0000,4.1669,-4.1669
3.7400,0.0000,4.1254,-4.1254
3.7500,0.0000,4.0844,-4.0844
3.7600,0.0000,4.0437,-4.0437
3.7700,0.0000,4.0035,-4.0035
3.7800,0.0000,3.9637,-3.9637
3.7900,0.0000,3.9242,-3.9242
3.8000,0.0000,3.8852,-3.8852
3.8100,0.0000,3.8465,-3.8465
3.8200,0.0000,3.8083,-3.8083
3.8300,0.0000,3.7704,-3.7704
3.8400,0.0000,3.7328,-3.7328
3.8500,0.0000,3.6957,-3.6957
3.8600,0.0000,3.6589,-3.6589
3.8700,0.0000,3.6225,-3.6225
3.8800,0.0000,3.5865,-3.5865
3.8900,0.0000,3.5508,-3.5508
3.9000,0.0000,3.5155,-3.5155
3.9100,0.0000,3.4805,-3.4805
3.9200,0.0000,3.4459,-3.4459
3.9300,0.0000,3.4116,-3.4116
3.9400,0.0000,3.3776,-3.3776
3.9500,0.0000,3.3440,-3.3440
3.9600,0.0000,3.3107,-3.3107
3.9700,0.0000,3.2778,-3.2778
3.9800,0.0000,3.2452,-3.2452
3.9900,0.0000,3.2129,-3.2129
4.0000,0.0000,3.1809,-3.1809
4.0100,0.0000,3.1493,-3.1493
4.0200,0.0000,3.1179,-3.1179
4.0300,0.0000,3.0869,-3.0869
4.0400,0.0000,3.0562,-3.0562
4.0500,0.0000,3.0258,-3.0258
4.0600,0.0000,2.9957,-2.9957
4.0700,0.0000,2.9659,-2.9659
4.0800,0.0000,2.9364,-2.9364
4.0900,0.0000,2.9071,-2.9071
4.1000,0.0000,2.8782,-2.8782
4.1100,0.0000,2.8496,-2.8496
4.1200,0.0000,2.8212,-2.8212
4.1300,0.0000,2.7932,-2.7932
4.1400,0.0000,2.7654,-2.7654
4.1500,0.0000,2.7378,-2.7378
4.1600,0.0000,2.7106,-2.7106
4.1700,0.0000,2.6836,-2.6836
4.1800,0.0000,2.6569,-2.6569
4.1900,0.0000,2.6305,-2.6305
4.2000,0.0000,2.6043,-2.6043
4.2100,0.0000,2.5784,-2.5784
4.2200,0.0000,2.5528,-2.5528
4.2300,0.0000,2.5274,-2.5274
4.2400,0.0000,2.5022,-2.5022
4.2500,0.0000,2.4773,-2.4773
4.2600,0.0000,2.4527,-2.4527
4.2700,0.0000,2.4283,-2.4283
4.2800,0.0000,2.4041,-2.4041
4.2900,0.0000,2.3802,-2.3802
4.3000,0.0000,2.3565,-2.3565
4.3100,0.0000,2.3330,-2.3330
4.3200,0.0000,2.3098,-2.3098
4.3300,0.0000,2.2868,-2.2868
4.3400,0.0000,2.2641,-2.2641
4.3500,0.0000,2.2416,-2.2416
4.3600,0.0000,2.2193,-2.2193
4.3700,0.0000,2.1972,-2.1972
4.3800,0.0000,2.1753,-2.1753
4.3900,0.0000,2.1537,-2.1537
4.4000,0.0000,2.1322,-2.1322
4.4100,0.0000,2.1110,-2.1110
4.4200,0.0000,2.0900,-2.0900
4.4300,0.0000,2.0692,-2.0692
4.4400,0.0000,2.0486,-2.0486
4.4500,0.0000,2.0282,-2.0282
4.4600,0.0000,2.0081,-2.0081
4.4700,0.0000,1.9881,-1.9881
4.4800,0.0000,1.9683,-1.9683
4.4900,0.0000,1.9487,-1.9487
4.5000,0.0000,1.9293,-1.9293
4.5100,0.0000,1.9101,-1.9101
4.5200,0.0000,1.8911,-1.8911
4.5300,0.0000,1.8723,-1.8723
4.5400,0.0000,1.8537,-1.8537
4.5500,0.0000,1.8352,-1.8352
4.5600,0.0000,1.8170,-1.8170
4.5700,0.0000,1.7989,-1.7989
4.5800,0.0000,1.7810,-1.7810
4.5900,0.0000,1.7633,-1.7633
4.6000,0.0000,1.7457,-1.7457
4.6100,0.0000,1.7284,-1.7284
4.6200,0.0000,1.7112,-1.7112
4.6300,0.0000,1.6941,-1.6941
4.6400,0.0000,1.6773,-1.6773
4.6500,0.0000,1.6606,-1.6606
4.6600,0.0000,1.6441,-1.6441
4.6700,0.0000,1.6277,-1.6277
4.6800,0.0000,1.6115,-1.6115
4.6900,0.0000,1.5955,-1.5955
4.7000,0.0000,1.5796,-1.5796
4.7100,0.0000,1.5639,-1.5639
4.7200,0.0000,1.5483,-1.5483
4.7300,0.0000,1.5329,-1.5329
4.7400,0.0000,1.5177,-1.5177
4.7500,0.0000,1.5026,-1.5026
4.7600,0.0000,1.4876,-1.4876
4.7700,0.0000,1.4728,-1.4728
4.7800,0.0000,1.4582,-1.4582
4.7900,0.0000,1.4436,-1.4436
4.8000,0.0000,1.4293,-1.4293
4.8100,0.0000,1.4151,-1.4151
4.8200,0.0000,1.4010,-1.4010
4.8300,0.0000,1.3870,-1.3870
4.8400,0.0000,1.3732,-1.3732
4.8500,0.0000,1.3596,-1.3596
4.8600,0.0000,1.3460,-1.3460
4.8700,0.0000,1.3327,-1.3327
4.8800,0.0000,1.3194,-1.3194
4.8900,0.0000,1.3063,-1.3063
4.9000,0.0000,1.2933,-1.2933
4.9100,0.0000,1.2804,-1.2804
4.9200,0.0000,1.2677,-1.2677
4.9300,0.0000,1.2550,-1.2550
4.9400,0.0000,1.2426,-1.2426
4.9500,0.0000,1.2302,-1.2302
4.9600,0.0000,1.2180,-1.2180
4.9700,0.0000,1.2058,-1.2058
4.9800,0.0000,1.1938,-1.1938
4.9900,0.0000,1.1820,-1.1820
5.0000,0.0000,1.1702,-1.1702
5.0100,0.0000,1.1586,-1.1586
5.0200,0.0000,1.1470,-1.1470
5.0300,0.0000,1.1356,-1.1356
5.0400,0.0000,1.1243,-1.1243
5.0500,0.0000,1.1131,-1.1131
5.0600,0.0000,1.1020,-1.1020
5.0700,0.0000,1.0911,-1.0911
5.0800,0.0000,1.0802,-1.0802
5.0900,0.0000,1.0695,-1.0695
5.1000,0.0000,1.0588,-1.0588
5.1100,0.0000,1.0483,-1.0483
5.1200,0.0000,1.0379,-1.0379
5.1300,0.0000,1.0275,-1.0275
5.1400,0.0000,1.0173,-1.0173
5.1500,0.0000,1.0072,-1.0072
5.1600,0.0000,0.9972,-0.9972
5.1700,0.0000,0.9873,-0.9873
5.1800,0.0000,0.9774,-0.9774
5.1900,0.0000,0.9677,-0.9677
5.2000,0.0000,0.9581,-0.9581
5.2100,0.0000,0.9485,-0.9485
5.2200,0.0000,0.9391,-0.9391
5.2300,0.0000,0.9298,-0.9298
5.2400,0.0000,0.9205,-0.9205
5.2500,0.0000,0.9113,-0.9113
5.2600,0.0000,0.9023,-0.9023
5.2700,0.0000,0.8933,-0.8933
5.2800,0.0000,0.8844,-0.8844
5.2900,0.0000,0.8756,-0.8756
5.3000,0.0000,0.8669,-0.8669
5.3100,0.0000,0.8583,-0.8583
5.3200,0.0000,0.8497,-0.8497
5.3300,0.0000,0.8413,-0.8413
5.3400,0.0000,0.8329,-0.8329
5.3500,0.0000,0.8246,-0.8246
5.3600,0.0000,0.8164,-0.8164
5.3700,0.0000,0.8083,-0.8083
5.3800,0.0000,0.8003,-0.8003
5.3900,0.0000,0.7923,-0.7923
5.4000,0.0000,0.7844,-0.7844
5.4100,0.0000,0.7766,-0.7766
5.4200,0.0000,0.7689,-0.7689
5.4300,0.0000,0.7612,-0.7612
5.4400,0.0000,0.7536,-0.7536
5.4500,0.0000,0.7462,-0.7462
5.4600,0.0000,0.7387,-0.7387
5.4700,0.0000,0.7314,-0.7314
5.4800,0.0000,0.7241,-0.7241
5.4900,0.0000,0.7169,-0.7169
5.5000,0.0000,0.7098,-0.7098
5.5100,0.0000,0.7027,-0.7027
5.5200,0.0000,0.6957,-0.6957
5.5300,0.0000,0.6888,-0.6888
5.5400,0.0000,0.6819,-0.6819
5.5500,0.0000,0.6751,-0.6751
5.5600,0.0000,0.6684,-0.6684
5.5700,0.0000,0.6618,-0.6618
5.5800,0.0000,0.6552,-0.6552
5.5900,0.0000,0.6487,-0.6487
5.6000,0.0000,0.6422,-0.6422
5.6100,0.0000,0.6358,-0.6358
5.6200,0.0000,0.6295,-0.6295
5.6300,0.0000,0.6232,-0.6232
5.6400,0.0000,0.6170,-0.6170
5.6500,0.0000,0.6109,-0.6109
5.6600,0.0000,0.6048,-0.6048
5.6700,0.0000,0.5988,-0.5988
5.6800,0.0000,0.5928,-0.5928
5.6900,0.0000,0.5869,-0.5869
5.7000,0.0000,0.5811,-0.5811
5.7100,0.0000,0.5753,-0.5753
5.7200,0.0000,0.5696,-0.5696
5.7300,0.0000,0.5639,-0.5639
5.7400,0.0000,0.5583,-0.5583
5.7500,0.0000,0.5528,-0.5528
5.7600,0.0000,0.5473,-0.5473
5.7700,0.0000,0.5418,-0.5418
5.7800,0.0000,0.5364,-0.5364
5.7900,0.0000,0.5311,-0.5311
5.8000,0.0000,0.5258,-0.5258
5.8100,0.0000,0.5206,-0.5206
5.8200,0.0000,0.5154,-0.5154
5.8300,0.0000,0.5103,-0.5103
5.8400,0.0000,0.5052,-0.5052
5.8500,0.0000,0.5002,-0.5002
5.8600,0.0000,0.4952,-0.4952
5.8700,0.0000,0.4903,-0.4903
5.8800,0.0000,0.4854,-0.4854
5.8900,0.0000,0.4805,-0.4805
5.9000,0.0000,0.4758,-0.4758
5.9100,0.0000,0.4710,-0.4710
5.9200,0.0000,0.4663,-0.4663
5.9300,0.0000,0.4617,-0.4617
5.9400,0.0000,0.4571,-0.4571
5.9500,0.0000,0.4526,-0.4526
5.9600,0.0000,0.4481,-0.4481
5.9700,0.0000,0.4436,-0.4436
5.9800,0.0000,0.4392,-0.4392
5.9900,0.0000,0.4348,-0.4348
6.0000,0.0000,0.4305,-0.4305
6.0100,0.0000,0.4262,-0.4262
6.0200,0.0000,0.4220,-0.4220
6.0300,0.0000,0.4178,-0.4178
6.0400,0.0000,0.4136,-0.4136
6.0500,0.0000,0.4095,-0.4095
6.0600,0.0000,0.4054,-0.4054
6.0700,0.0000,0.4014,-0.4014
6.0800,0.0000,0.3974,-0.3974
6.0900,0.0000,0.3934,-0.3934
6.1000,0.0000,0.3895,-0.3895
6.1100,0.0000,0.3856,-0.3856
6.1200,0.0000,0.3818,-0.3818
6.1300,0.0000,0.3780,-0.3780
6.1400,0.0000,0.3743,-0.3743
6.1500,0.0000,0.3705,-0.3705
6.1600,0.0000,0.3668,-0.3668
6.1700,0.0000,0.3632,-0.3632
6.1800,0.0000,0.3596,-0.3596
6.1900,0.0000,0.3560,-0.3560
6.2000,0.0000,0.3525,-0.3525
6.2100,0.0000,0.3489,-0.3489
6.2200,0.0000,0.3455,-0.3455
6.2300,0.0000,0.3420,-0.3420
6.2400,0.0000,0.3386,-0.3386
6.2500,0.0000,0.3353,-0.3353
6.2600,0.0000,0.3319,-0.3319
6.2700,0.0000,0.3286,-0.3286
6.2800,0.0000,0.3254,-0.3254
6.2900,0.0000,0.3221,-0.3221
6.3000,0.0000,0.3189,-0.3189
6.3100,0.0000,0.3157,-0.3157
6.3200,0.0000,0.3126,-0.3126
6.3300,0.0000,0.3095,-0.3095
6.3400,0.0000,0.3064,-0.3064
6.3500,0.0000,0.3034,-0.3034
6.3600,0.0000,0.3003,-0.3003
6.3700,0.0000,0.2974,-0.2974
6.3800,0.0000,0.2944,-0.2944
6.3900,0.0000,0.2915,-0.2915
6.4000,0.0000,0.2886,-0.2886
6.4100,0.0000,0.2857,-0.2857
6.4200,0.0000,0.2829,-0.2829
6.4300,0.0000,0.2800,-0.2800
6.4400,0.0000,0.2773,-0.2773
6.4500,0.0000,0.2745,-0.2745
6.4600,0.0000,0.2718,-0.2718
6.4700,0.0000,0.2691,-0.2691
6.4800,0.0000,0.2664,-0.2664
6.4900,0.0000,0.2637,-0.2637
6.5000,0.0000,0.2611,-0.2611
6.5100,0.0000,0.2585,-0.2585
6.5200,0.0000,0.2559,-0.2559
6.5300,0.0000,0.2534,-0.2534
6.5400,0.0000,0.2509,-0.2509
6.5500,0.0000,0.2484,-0.2484
6.5600,0.0000,0.2459,-0.2459
6.5700,0.0000,0.2435,-0.2435
6.5800,0.0000,0.2410,-0.2410
6.5900,0.0000,0.2386,-0.2386
6.6000,0.0000,0.2363,-0.2363
6.6100,0.0000,0.2339,-0.2339
6.6200,0.0000,0.2316,-0.2316
6.6300,0.0000,0.2293,-0.2293
6.6400,0.0000,0.2270,-0.2270
6.6500,0.0000,0.2247,-0.2247
6.6600,0.0000,0.2225,-0.2225
6.6700,0.0000,0.2203,-0.2203
6.6800,0.0000,0.2181,-0.2181
6.6900,0.0000,0.2159,-0.2159
6.7000,0.0000,0.2138,-0.2138
6.7100,0.0000,0.2116,-0.2116
6.7200,0.0000,0.2095,-0.2095
6.7300,0.0000,0.2075,-0.2075
6.7400,0.0000,0.2054,-0.2054
6.7500,0.0000,0.2033,-0.2033
6.7600,0.0000,0.2013,-0.2013
6.7700,0.0000,0.1993,-0.1993
6.7800,0.0000,0.1973,-0.1973
6.7900,0.0000,0.1954,-0.1954
6.8000,0.0000,0.1934,-0.1934
6.8100,0.0000,0.1915,-0.1915
6.8200,0.0000,0.1896,-0.1896
6.8300,0.0000,0.1877,-0.1877
6.8400,0.0000,0.1858,-0.1858
6.8500,0.0000,0.1840,-0.1840
6.8600,0.0000,0.1822,-0.1822
6.8700,0.0000,0.1804,-0.1804
6.8800,0.0000,0.1786,-0.1786
6.8900,0.0000,0.1768,-0.1768
6.9000,0.0000,0.1750,-0.1750
6.9100,0.0000,0.1733,-0.1733
6.9200,0.0000,0.1716,-0.1716
6.9300,0.0000,0.1699,-0.1699
6.9400,0.0000,0.1682,-0.1682
6.9500,0.0000,0.1665,-0.1665
6.9600,0.0000,0.1648,-0.1648
6.9700,0.0000,0.1632,-0.1632
6.9800,0.0000,0.1616,-0.1616
6.9900,0.0000,0.1600,-0.1600
7.0000,0.0000,0.1584,-0.1584
7.0100,0.0000,0.1568,-0.1568
7.0200,0.0000,0.1552,-0.1552
7.0300,0.0000,0.1537,-0.1537
7.0400,0.0000,0.1522,-0.1522
7.0500,0.0000,0.1506,-0.1506
7.0600,0.0000,0.1491,-0.1491
7.0700,0.0000,0.1477,-0.1477
7.0800,0.0000,0.1462,-0.1462
7.0900,0.0000,0.1447,-0.1447
7.1000,0.0000,0.1433,-0.1433
7.1100,0.0000,0.1419,-0.1419
7.1200,0.0000,0.1405,-0.1405
7.1300,0.0000,0.1391,-0.1391
7.1400,0.0000,0.1377,-0.1377
7.1500,0.0000,0.1363,-0.1363
7.1600,0.0000,0.1350,-0.1350
7.1700,0.0000,0.1336,-0.1336
7.1800,0.0000,0.1323,-0.1323
7.1900,0.0000,0.1310,-0.1310
7.2000,0.0000,0.1297,-0.1297
7.2100,0.0000,0.1284,-0.1284
7.2200,0.0000,0.1271,-0.1271
7.2300,0.0000,0.1258,-0.1258
7.2400,0.0000,0.1246,-0.1246
7.2500,0.0000,0.1233,-0.1233
7.2600,0.0000,0.1221,-0.1221
7.2700,0.0000,0.1209,-0.1209
7.2800,0.0000,0.1197,-0.1197
7.2900,0.0000,0.1185,-0.1185
7.3000,0.0000,0.1173,-0.1173
7.3100,0.0000,0.1162,-0.1162
7.3200,0.0000,0.1150,-0.1150
7.3300,0.0000,0.1139,-0.1139
7.3400,0.0000,0.1127,-0.1127
7.3500,0.0000,0.1116,-0.1116
7.3600,0.0000,0.1105,-0.1105
7.3700,0.0000,0.1094,-0.1094
7.3800,0.0000,0.1083,-0.1083
7.3900,0.0000,0.1072,-0.1072
7.4000,0.0000,0.1062,-0.1062
7.4100,0.0000,0.1051,-0.1051
7.4200,0.0000,0.1041,-0.1041
7.4300,0.0000,0.1030,-0.1030
7.4400,0.0000,0.1020,-0.1020
7.4500,0.0000,0.1010,-0.1010
7.4600,0.0000,0.1000,-0.1000
7.4700,0.0000,0.0990,-0.0990
7.4800,0.0000,0.0980,-0.0980
7.4900,0.0000,0.0970,-0.0970
7.5000,0.0000,0.0961,-0.0961
7.5100,0.0000,0.0951,-0.0951
7.5200,0.0000,0.0942,-0.0942
7.5300,0.0000,0.0932,-0.0932
7.5400,0.0000,0.0923,-0.0923
7.5500,0.0000,0.0914,-0.0914
7.5600,0.0000,0.0905,-0.0905
7.5700,0.0000,0.0896,-0.0896
7.5800,0.0000,0.0887,-0.0887
7.5900,0.0000,0.0878,-0.0878
7.6000,0.0000,0.0869,-0.0869
7.6100,0.0000,0.0860,-0.0860
7.6200,0.0000,0.0852,-0.0852
7.6300,0.0000,0.0843,-0.0843
7.6400,0.0000,0.0835,-0.0835
7.6500,0.0000,0.0827,-0.0827
7.6600,0.0000,0.0819,-0.0819
7.6700,0.0000,0.0810,-0.0810
7.6800,0.0000,0.0802,-0.0802
7.6900,0.0000,0.0794,-0.0794
7.7000,0.0000,0.0786,-0.0786
7.7100,0.0000,0.0779,-0.0779
7.7200,0.0000,0.0771,-0.0771
7.7300,0.0000,0.0763,-0.0763
7.7400,0.0000,0.0756,-0.0756
7.7500,0.0000,0.0748,-0.0748
7.7600,0.0000,0.0741,-0.0741
7.7700,0.0000,0.0733,-0.0733
7.7800,0.0000,0.0726,-0.0726
7.7900,0.0000,0.0719,-0.0719
7.8000,0.0000,0.0712,-0.0712
7.8100,0.0000,0.0705,-0.0705
7.8200,0.0000,0.0698,-0.0698
7.8300,0.0000,0.0691,-0.0691
7.8400,0.0000,0.0684,-0.0684
7.8500,0.0000,0.0677,-0.0677
7.8600,0.0000,0.0670,-0.0670
7.8700,0.0000,0.0663,-0.0663
7.8800,0.0000,0.0657,-0.0657
7.8900,0.0000,0.0650,-0.0650
7.9000,0.0000,0.0644,-0.0644
7.9100,0.0000,0.0637,-0.0637
7.9200,0.0000,0.0631,-0.0631
7.9300,0.0000,0.0625,-0.0625
7.9400,0.0000,0.0619,-0.0619
7.9500,0.0000,0.0612,-0.0612
7.9600,0.0000,0.0606,-0.0606
7.9700,0.0000,0.0600,-0.0600
7.9800,0.0000,0.0594,-0.0594
7.9900,0.0000,0.0588,-0.0588
