t,mag
-0.5000,1.0000
-0.4990,1.0000
-0.4980,1.0000
-0.4970,1.0000
-0.4960,1.0000
-0.4950,1.0000
-0.4940,1.0000
-0.4930,1.0000
-0.4920,1.0000
-0.4910,1.0000
-0.4900,1.0000
-0.4890,1.0000
-0.4880,1.0000
-0.4870,1.0000
-0.4860,1.0000
-0.4850,1.0000
-0.4840,1.0000
-0.4830,1.0000
-0.4820,1.0000
-0.4810,1.0000
-0.4800,1.0000
-0.4790,1.0000
-0.4780,1.0000
-0.4770,1.0000
-0.4760,1.0000
-0.4750,1.0000
-0.4740,1.0000
-0.4730,1.0000
-0.4720,1.0000
-0.4710,1.0000
-0.4700,1.0000
-0.4690,1.0000
-0.4680,1.0000
-0.4670,1.0000
-0.4660,1.0000
-0.4650,1.0000
-0.4640,1.0000
-0.4630,1.0000
-0.4620,1.0000
-0.4610,1.0000
-0.4600,1.0000
-0.4590,1.0000
-0.4580,1.0000
-0.4570,1.0000
-0.4560,1.0000
-0.4550,1.0000
-0.4540,1.0000
-0.4530,1.0000
-0.4520,1.0000
-0.4510,1.0000
-0.4500,1.0000
-0.4490,1.0000
-0.4480,1.0000
-0.4470,1.0000
-0.4460,1.0000
-0.4450,1.0000
-0.4440,1.0000
-0.4430,1.0000
-0.4420,1.0000
-0.4410,1.0000
-0.4400,1.0000
-0.4390,1.0000
-0.4380,1.0000
-0.4370,1.0000
-0.4360,1.0000
-0.4350,1.0000
-0.4340,1.0000
-0.4330,1.0000
-0.4320,1.0000
-0.4310,1.0000
-0.4300,1.0000
-0.4290,1.0000
-0.4280,1.0000
-0.4270,1.0000
-0.4260,1.0000
-0.4250,1.0000
-0.4240,1.0000
-0.4230,1.0000
-0.4220,1.0000
-0.4210,1.0000
-0.4200,1.0000
-0.4190,1.0000
-0.4180,1.0000
-0.4170,1.0000
-0.4160,1.0000
-0.4150,1.0000
-0.4140,1.0000
-0.4130,1.0000
-0.4120,1.0000
-0.4110,1.0000
-0.4100,1.0000
-0.4090,1.0000
-0.4080,1.0000
-0.4070,1.0000
-0.4060,1.0000
-0.4050,1.0000
-0.4040,1.0000
-0.4030,1.0000
-0.4020,1.0000
-0.4010,1.0000
-0.4000,1.0000
-0.3990,1.0000
-0.3980,1.0000
-0.3970,1.0000
-0.3960,1.0000
-0.3950,1.0000
-0.3940,1.0000
-0.3930,1.0000
-0.3920,1.0000
-0.3910,1.0000
-0.3900,1.0000
-0.3890,1.0000
-0.3880,1.0000
-0.3870,1.0000
-0.3860,1.0000
-0.3850,1.0000
-0.3840,1.0000
-0.3830,1.0000
-0.3820,1.0000
-0.3810,1.0000
-0.3800,1.0000
-0.3790,1.0000
-0.3780,1.0000
-0.3770,1.0000
-0.3760,1.0000
-0.3750,1.0000
-0.3740,1.0000
-0.3730,1.0000
-0.3720,1.0000
-0.3710,1.0000
-0.3700,1.0000
-0.3690,1.0000
-0.3680,1.0000
-0.3670,1.0000
-0.3660,1.0000
-0.3650,1.0000
-0.3640,1.0000
-0.3630,1.0000
-0.3620,1.0000
-0.3610,1.0000
-0.3600,1.0000
-0.3590,1.0000
-0.3580,1.0000
-0.3570,1.0000
-0.3560,1.0000
-0.3550,1.0000
-0.3540,1.0000
-0.3530,1.0000
-0.3520,1.0000
-0.3510,1.0000
-0.3500,1.0000
-0.3490,1.0000
-0.3480,1.0000
-0.3470,1.0000
-0.3460,1.0000
-0.3450,1.0000
-0.3440,1.0000
-0.3430,1.0000
-0.3420,1.0000
-0.3410,1.0000
-0.3400,1.0000
-0.3390,1.0000
-0.3380,1.0000
-0.3370,1.0000
-0.3360,1.0000
-0.3350,1.0000
-0.3340,1.0000
-0.3330,1.0000
-0.3320,1.0000
-0.3310,1.0000
-0.3300,1.0000
-0.3290,1.0000
-0.3280,1.0000
-0.3270,1.0000
-0.3260,1.0000
-0.3250,1.0000
-0.3240,1.0000
-0.3230,1.0000
-0.3220,1.0000
-0.3210,1.0000
-0.3200,1.0000
-0.3190,1.0000
-0.3180,1.0000
-0.3170,1.0000
-0.3160,1.0000
-0.3150,1.0000
-0.3140,1.0000
-0.3130,1.0000
-0.3120,1.0000
-0.3110,1.0000
-0.3100,1.0000
-0.3090,1.0000
-0.3080,1.0000
-0.3070,1.0000
-0.3060,1.0000
-0.3050,1.0000
-0.3040,1.0000
-0.3030,1.0000
-0.3020,1.0000
-0.3010,1.0000
-0.3000,1.0000
-0.2990,1.0000
-0.2980,1.0000
-0.2970,1.0000
-0.2960,1.0000
-0.2950,1.0000
-0.2940,1.0000
-0.2930,1.0000
-0.2920,1.0000
-0.2910,1.0000
-0.2900,1.0000
-0.2890,1.0000
-0.2880,1.0000
-0.2870,1.0000
-0.2860,1.0000
-0.2850,1.0000
-0.2840,1.0000
-0.2830,1.0000
-0.2820,1.0000
-0.2810,1.0000
-0.2800,1.0000
-0.2790,1.0000
-0.2780,1.0000
-0.2770,1.0000
-0.2760,1.0000
-0.2750,1.0000
-0.2740,1.0000
-0.2730,1.0000
-0.2720,1.0000
-0.2710,1.0000
-0.2700,1.0000
-0.2690,1.0000
-0.2680,1.0000
-0.2670,1.0000
-0.2660,1.0000
-0.2650,1.0000
-0.2640,1.0000
-0.2630,1.0000
-0.2620,1.0000
-0.2610,1.0000
-0.2600,1.0000
-0.2590,1.0000
-0.2580,1.0000
-0.2570,1.0000
-0.2560,1.0000
-0.2550,1.0000
-0.2540,1.0000
-0.2530,1.0000
-0.2520,1.0000
-0.2510,1.0000
-0.2500,1.0000
-0.2490,1.0000
-0.2480,1.0000
-0.2470,1.0000
-0.2460,1.0000
-0.2450,1.0000
-0.2440,1.0000
-0.2430,1.0000
-0.2420,1.0000
-0.2410,1.0000
-0.2400,1.0000
-0.2390,1.0000
-0.2380,1.0000
-0.2370,1.0000
-0.2360,1.0000
-0.2350,1.0000
-0.2340,1.0000
-0.2330,1.0000
-0.2320,1.0000
-0.2310,1.0000
-0.2300,1.0000
-0.2290,1.0000
-0.2280,1.0000
-0.2270,1.0000
-0.2260,1.0000
-0.2250,1.0000
-0.2240,1.0000
-0.2230,1.0000
-0.2220,1.0000
-0.2210,1.0000
-0.2200,1.0000
-0.2190,1.0000
-0.2180,1.0000
-0.2170,1.0000
-0.2160,1.0000
-0.2150,1.0000
-0.2140,1.0000
-0.2130,1.0000
-0.2120,1.0000
-0.2110,1.0000
-0.2100,1.0000
-0.2090,1.0000
-0.2080,1.0000
-0.2070,1.0000
-0.2060,1.0000
-0.2050,1.0000
-0.2040,1.0000
-0.2030,1.0000
-0.2020,1.0000
-0.2010,1.0000
-0.2000,1.0000
-0.1990,1.0000
-0.1980,1.0000
-0.1970,1.0000
-0.1960,1.0000
-0.1950,1.0000
-0.1940,1.0000
-0.1930,1.0000
-0.1920,1.0000
-0.1910,1.0000
-0.1900,1.0000
-0.1890,1.0000
-0.1880,1.0000
-0.1870,1.0000
-0.1860,1.0000
-0.1850,1.0000
-0.1840,1.0000
-0.1830,1.0000
-0.1820,1.0000
-0.1810,1.0000
-0.1800,1.0000
-0.1790,1.0000
-0.1780,1.0000
-0.1770,1.0000
-0.1760,1.0000
-0.1750,1.0000
-0.1740,1.0000
-0.1730,1.0000
-0.1720,1.0000
-0.1710,1.0000
-0.1700,1.0000
-0.1690,1.0000
-0.1680,1.0000
-0.1670,1.0000
-0.1660,1.0000
-0.1650,1.0000
-0.1640,1.0000
-0.1630,1.0000
-0.1620,1.0000
-0.1610,1.0000
-0.1600,1.0000
-0.1590,1.0000
-0.1580,1.0000
-0.1570,1.0000
-0.1560,1.0000
-0.1550,1.0000
-0.1540,1.0000
-0.1530,1.0000
-0.1520,1.0000
-0.1510,1.0000
-0.1500,1.0000
-0.1490,1.0000
-0.1480,1.0000
-0.1470,1.0000
-0.1460,1.0000
-0.1450,1.0000
-0.1440,1.0000
-0.1430,1.0000
-0.1420,1.0000
-0.1410,1.0000
-0.1400,1.0000
-0.1390,1.0000
-0.1380,1.0000
-0.1370,1.0000
-0.1360,1.0000
-0.1350,1.0000
-0.1340,1.0000
-0.1330,1.0000
-0.1320,1.0000
-0.1310,1.0000
-0.1300,1.0000
-0.1290,1.0000
-0.1280,1.0000
-0.1270,1.0000
-0.1260,1.0000
-0.1250,1.0000
-0.1240,1.0000
-0.1230,1.0000
-0.1220,1.0000
-0.1210,1.0000
-0.1200,1.0000
-0.1190,1.0000
-0.1180,1.0000
-0.1170,1.0000
-0.1160,1.0000
-0.1150,1.0000
-0.1140,1.0000
-0.1130,1.0000
-0.1120,1.0000
-0.1110,1.0000
-0.1100,1.0000
-0.1090,1.0000
-0.1080,1.0000
-0.1070,1.0000
-0.1060,1.0000
-0.1050,1.0000
-0.1040,1.0000
-0.1030,1.0000
-0.1020,1.0000
-0.1010,1.0000
-0.1000,1.0000
-0.0990,1.0000
-0.0980,1.0000
-0.0970,1.0000
-0.0960,1.0000
-0.0950,1.0000
-0.0940,1.0000
-0.0930,1.0000
-0.0920,1.0000
-0.0910,1.0000
-0.0900,1.0000
-0.0890,1.0000
-0.0880,1.0000
-0.0870,1.0000
-0.0860,1.0000
-0.0850,1.0000
-0.0840,1.0000
-0.0830,1.0000
-0.0820,1.0000
-0.0810,1.0000
-0.0800,1.0000
-0.0790,1.0000
-0.0780,1.0000
-0.0770,1.0000
-0.0760,1.0000
-0.0750,1.0000
-0.0740,1.0000
-0.0730,1.0000
-0.0720,1.0000
-0.0710,1.0000
-0.0700,1.0000
-0.0690,1.0000
-0.0680,1.0000
-0.0670,1.0000
-0.0660,1.0000
-0.0650,1.0000
-0.0640,1.0000
-0.0630,1.0000
-0.0620,1.0000
-0.0610,1.0000
-0.0600,1.0000
-0.0590,1.0000
-0.0580,1.0000
-0.0570,1.0000
-0.0560,1.0000
-0.0550,1.0000
-0.0540,1.0000
-0.0530,1.0000
-0.0520,1.0000
-0.0510,1.0000
-0.0500,1.0000
-0.0490,1.0000
-0.0480,1.0000
-0.0470,1.0000
-0.0460,1.0000
-0.0450,1.0000
-0.0440,1.0000
-0.0430,1.0000
-0.0420,1.0000
-0.0410,1.0000
-0.0400,1.0000
-0.0390,1.0000
-0.0380,1.0000
-0.0370,1.0000
-0.0360,1.0000
-0.0350,1.0000
-0.0340,1.0000
-0.0330,1.0000
-0.0320,1.0000
-0.0310,1.0000
-0.0300,1.0000
-0.0290,1.0000
-0.0280,1.0000
-0.0270,1.0000
-0.0260,1.0000
-0.0250,1.0000
-0.0240,1.0000
-0.0230,1.0000
-0.0220,1.0000
-0.0210,1.0000
-0.0200,1.0000
-0.0190,1.0000
-0.0180,1.0000
-0.0170,1.0000
-0.0160,1.0000
-0.0150,1.0000
-0.0140,1.0000
-0.0130,1.0000
-0.0120,1.0000
-0.0110,1.0000
-0.0100,1.0000
-0.0090,1.0000
-0.0080,1.0000
-0.0070,1.0000
-0.0060,1.0000
-0.0050,1.0000
-0.0040,1.0000
-0.0030,1.0000
-0.0020,1.0000
-0.0010,1.0000
0.0000,1.0000
0.0010,0.9990
0.0020,0.9980
0.0030,0.9970
0.0040,0.9960
0.0050,0.9950
0.0060,0.9940
0.0070,0.9930
0.0080,0.9920
0.0090,0.9910
0.0100,0.9900
0.0110,0.9891
0.0120,0.9881
0.0130,0.9871
0.0140,0.9861
0.0150,0.9851
0.0160,0.9841
0.0170,0.9831
0.0180,0.9822
0.0190,0.9812
0.0200,0.9802
0.0210,0.9792
0.0220,0.9782
0.0230,0.9773
0.0240,0.9763
0.0250,0.9753
0.0260,0.9743
0.0270,0.9734
0.0280,0.9724
0.0290,0.9714
0.0300,0.9704
0.0310,0.9695
0.0320,0.9685
0.0330,0.9675
0.0340,0.9666
0.0350,0.9656
0.0360,0.9646
0.0370,0.9637
0.0380,0.9627
0.0390,0.9618
0.0400,0.9608
0.0410,0.9598
0.0420,0.9589
0.0430,0.9579
0.0440,0.9570
0.0450,0.9560
0.0460,0.9550
0.0470,0.9541
0.0480,0.9531
0.0490,0.9522
0.0500,0.9512
0.0510,0.9503
0.0520,0.9493
0.0530,0.9484
0.0540,0.9474
0.0550,0.9465
0.0560,0.9455
0.0570,0.9446
0.0580,0.9436
0.0590,0.9427
0.0600,0.9418
0.0610,0.9408
0.0620,0.9399
0.0630,0.9389
0.0640,0.9380
0.0650,0.9371
0.0660,0.9361
0.0670,0.9352
0.0680,0.9343
0.0690,0.9333
0.0700,0.9324
0.0710,0.9315
0.0720,0.9305
0.0730,0.9296
0.0740,0.9287
0.0750,0.9277
0.0760,0.9268
0.0770,0.9259
0.0780,0.9250
0.0790,0.9240
0.0800,0.9231
0.0810,0.9222
0.0820,0.9213
0.0830,0.9204
0.0840,0.9194
0.0850,0.9185
0.0860,0.9176
0.0870,0.9167
0.0880,0.9158
0.0890,0.9148
0.0900,0.9139
0.0910,0.9130
0.0920,0.9121
0.0930,0.9112
0.0940,0.9103
0.0950,0.9094
0.0960,0.9085
0.0970,0.9076
0.0980,0.9066
0.0990,0.9057
0.1000,0.9048
0.1010,0.9039
0.1020,0.9030
0.1030,0.9021
0.1040,0.9012
0.1050,0.9003
0.1060,0.8994
0.1070,0.8985
0.1080,0.8976
0.1090,0.8967
0.1100,0.8958
0.1110,0.8949
0.1120,0.8940
0.1130,0.8932
0.1140,0.8923
0.1150,0.8914
0.1160,0.8905
0.1170,0.8896
0.1180,0.8887
0.1190,0.8878
0.1200,0.8869
0.1210,0.8860
0.1220,0.8851
0.1230,0.8843
0.1240,0.8834
0.1250,0.8825
0.1260,0.8816
0.1270,0.8807
0.1280,0.8799
0.1290,0.8790
0.1300,0.8781
0.1310,0.8772
0.1320,0.8763
0.1330,0.8755
0.1340,0.8746
0.1350,0.8737
0.1360,0.8728
0.1370,0.8720
0.1380,0.8711
0.1390,0.8702
0.1400,0.8694
0.1410,0.8685
0.1420,0.8676
0.1430,0.8668
0.1440,0.8659
0.1450,0.8650
0.1460,0.8642
0.1470,0.8633
0.1480,0.8624
0.1490,0.8616
0.1500,0.8607
0.1510,0.8598
0.1520,0.8590
0.1530,0.8581
0.1540,0.8573
0.1550,0.8564
0.1560,0.8556
0.1570,0.8547
0.1580,0.8538
0.1590,0.8530
0.1600,0.8521
0.1610,0.8513
0.1620,0.8504
0.1630,0.8496
0.1640,0.8487
0.1650,0.8479
0.1660,0.8470
0.1670,0.8462
0.1680,0.8454
0.1690,0.8445
0.1700,0.8437
0.1710,0.8428
0.1720,0.8420
0.1730,0.8411
0.1740,0.8403
0.1750,0.8395
0.1760,0.8386
0.1770,0.8378
0.1780,0.8369
0.1790,0.8361
0.1800,0.8353
0.1810,0.8344
0.1820,0.8336
0.1830,0.8328
0.1840,0.8319
0.1850,0.8311
0.1860,0.8303
0.1870,0.8294
0.1880,0.8286
0.1890,0.8278
0.1900,0.8270
0.1910,0.8261
0.1920,0.8253
0.1930,0.8245
0.1940,0.8237
0.1950,0.8228
0.1960,0.8220
0.1970,0.8212
0.1980,0.8204
0.1990,0.8195
0.2000,0.8187
0.2010,0.8179
0.2020,0.8171
0.2030,0.8163
0.2040,0.8155
0.2050,0.8146
0.2060,0.8138
0.2070,0.8130
0.2080,0.8122
0.2090,0.8114
0.2100,0.8106
0.2110,0.8098
0.2120,0.8090
0.2130,0.8082
0.2140,0.8073
0.2150,0.8065
0.2160,0.8057
0.2170,0.8049
0.2180,0.8041
0.2190,0.8033
0.2200,0.8025
0.2210,0.8017
0.2220,0.8009
0.2230,0.8001
0.2240,0.7993
0.2250,0.7985
0.2260,0.7977
0.2270,0.7969
0.2280,0.7961
0.2290,0.7953
0.2300,0.7945
0.2310,0.7937
0.2320,0.7929
0.2330,0.7922
0.2340,0.7914
0.2350,0.7906
0.2360,0.7898
0.2370,0.7890
0.2380,0.7882
0.2390,0.7874
0.2400,0.7866
0.2410,0.7858
0.2420,0.7851
0.2430,0.7843
0.2440,0.7835
0.2450,0.7827
0.2460,0.7819
0.2470,0.7811
0.2480,0.7804
0.2490,0.7796
0.2500,0.7788
0.2510,0.7780
0.2520,0.7772
0.2530,0.7765
0.2540,0.7757
0.2550,0.7749
0.2560,0.7741
0.2570,0.7734
0.2580,0.7726
0.2590,0.7718
0.2600,0.7711
0.2610,0.7703
0.2620,0.7695
0.2630,0.7687
0.2640,0.7680
0.2650,0.7672
0.2660,0.7664
0.2670,0.7657
0.2680,0.7649
0.2690,0.7641
0.2700,0.7634
0.2710,0.7626
0.2720,0.7619
0.2730,0.7611
0.2740,0.7603
0.2750,0.7596
0.2760,0.7588
0.2770,0.7581
0.2780,0.7573
0.2790,0.7565
0.2800,0.7558
0.2810,0.7550
0.2820,0.7543
0.2830,0.7535
0.2840,0.7528
0.2850,0.7520
0.2860,0.7513
0.2870,0.7505
0.2880,0.7498
0.2890,0.7490
0.2900,0.7483
0.2910,0.7475
0.2920,0.7468
0.2930,0.7460
0.2940,0.7453
0.2950,0.7445
0.2960,0.7438
0.2970,0.7430
0.2980,0.7423
0.2990,0.7416
0.3000,0.7408
0.3010,0.7401
0.3020,0.7393
0.3030,0.7386
0.3040,0.7379
0.3050,0.7371
0.3060,0.7364
0.3070,0.7357
0.3080,0.7349
0.3090,0.7342
0.3100,0.7334
0.3110,0.7327
0.3120,0.7320
0.3130,0.7312
0.3140,0.7305
0.3150,0.7298
0.3160,0.7291
0.3170,0.7283
0.3180,0.7276
0.3190,0.7269
0.3200,0.7261
0.3210,0.7254
0.3220,0.7247
0.3230,0.7240
0.3240,0.7233
0.3250,0.7225
0.3260,0.7218
0.3270,0.7211
0.3280,0.7204
0.3290,0.7196
0.3300,0.7189
0.3310,0.7182
0.3320,0.7175
0.3330,0.7168
0.3340,0.7161
0.3350,0.7153
0.3360,0.7146
0.3370,0.7139
0.3380,0.7132
0.3390,0.7125
0.3400,0.7118
0.3410,0.7111
0.3420,0.7103
0.3430,0.7096
0.3440,0.7089
0.3450,0.7082
0.3460,0.7075
0.3470,0.7068
0.3480,0.7061
0.3490,0.7054
0.3500,0.7047
0.3510,0.7040
0.3520,0.7033
0.3530,0.7026
0.3540,0.7019
0.3550,0.7012
0.3560,0.7005
0.3570,0.6998
0.3580,0.6991
0.3590,0.6984
0.3600,0.6977
0.3610,0.6970
0.3620,0.6963
0.3630,0.6956
0.3640,0.6949
0.3650,0.6942
0.3660,0.6935
0.3670,0.6928
0.3680,0.6921
0.3690,0.6914
0.3700,0.6907
0.3710,0.6900
0.3720,0.6894
0.3730,0.6887
0.3740,0.6880
0.3750,0.6873
0.3760,0.6866
0.3770,0.6859
0.3780,0.6852
0.3790,0.6845
0.3800,0.6839
0.3810,0.6832
0.3820,0.6825
0.3830,0.6818
0.3840,0.6811
0.3850,0.6805
0.3860,0.6798
0.3870,0.6791
0.3880,0.6784
0.3890,0.6777
0.3900,0.6771
0.3910,0.6764
0.3920,0.6757
0.3930,0.6750
0.3940,0.6744
0.3950,0.6737
0.3960,0.6730
0.3970,0.6723
0.3980,0.6717
0.3990,0.6710
0.4000,0.6703
0.4010,0.6697
0.4020,0.6690
0.4030,0.6683
0.4040,0.6676
0.4050,0.6670
0.4060,0.6663
0.4070,0.6656
0.4080,0.6650
0.4090,0.6643
0.4100,0.6637
0.4110,0.6630
0.4120,0.6623
0.4130,0.6617
0.4140,0.6610
0.4150,0.6603
0.4160,0.6597
0.4170,0.6590
0.4180,0.6584
0.4190,0.6577
0.4200,0.6570
0.4210,0.6564
0.4220,0.6557
0.4230,0.6551
0.4240,0.6544
0.4250,0.6538
0.4260,0.6531
0.4270,0.6525
0.4280,0.6518
0.4290,0.6512
0.4300,0.6505
0.4310,0.6499
0.4320,0.6492
0.4330,0.6486
0.4340,0.6479
0.4350,0.6473
0.4360,0.6466
0.4370,0.6460
0.4380,0.6453
0.4390,0.6447
0.4400,0.6440
0.4410,0.6434
0.4420,0.6427
0.4430,0.6421
0.4440,0.6415
0.4450,0.6408
0.4460,0.6402
0.4470,0.6395
0.4480,0.6389
0.4490,0.6383
0.4500,0.6376
0.4510,0.6370
0.4520,0.6364
0.4530,0.6357
0.4540,0.6351
0.4550,0.6344
0.4560,0.6338
0.4570,0.6332
0.4580,0.6325
0.4590,0.6319
0.4600,0.6313
0.4610,0.6307
0.4620,0.6300
0.4630,0.6294
0.4640,0.6288
0.4650,0.6281
0.4660,0.6275
0.4670,0.6269
0.4680,0.6263
0.4690,0.6256
0.4700,0.6250
0.4710,0.6244
0.4720,0.6238
0.4730,0.6231
0.4740,0.6225
0.4750,0.6219
0.4760,0.6213
0.4770,0.6206
0.4780,0.6200
0.4790,0.6194
0.4800,0.6188
0.4810,0.6182
0.4820,0.6175
0.4830,0.6169
0.4840,0.6163
0.4850,0.6157
0.4860,0.6151
0.4870,0.6145
0.4880,0.6139
0.4890,0.6132
0.4900,0.6126
0.4910,0.6120
0.4920,0.6114
0.4930,0.6108
0.4940,0.6102
0.4950,0.6096
0.4960,0.6090
0.4970,0.6084
0.4980,0.6077
0.4990,0.6071
0.5000,0.6065
0.5010,0.6059
0.5020,0.6053
0.5030,0.6047
0.5040,0.6041
0.5050,0.6035
0.5060,0.6029
0.5070,0.6023
0.5080,0.6017
0.5090,0.6011
0.5100,0.6005
0.5110,0.5999
0.5120,0.5993
0.5130,0.5987
0.5140,0.5981
0.5150,0.5975
0.5160,0.5969
0.5170,0.5963
0.5180,0.5957
0.5190,0.5951
0.5200,0.5945
0.5210,0.5939
0.5220,0.5933
0.5230,0.5927
0.5240,0.5921
0.5250,0.5916
0.5260,0.5910
0.5270,0.5904
0.5280,0.5898
0.5290,0.5892
0.5300,0.5886
0.5310,0.5880
0.5320,0.5874
0.5330,0.5868
0.5340,0.5863
0.5350,0.5857
0.5360,0.5851
0.5370,0.5845
0.5380,0.5839
0.5390,0.5833
0.5400,0.5827
0.5410,0.5822
0.5420,0.5816
0.5430,0.5810
0.5440,0.5804
0.5450,0.5798
0.5460,0.5793
0.5470,0.5787
0.5480,0.5781
0.5490,0.5775
0.5500,0.5769
0.5510,0.5764
0.5520,0.5758
0.5530,0.5752
0.5540,0.5746
0.5550,0.5741
0.5560,0.5735
0.5570,0.5729
0.5580,0.5724
0.5590,0.5718
0.5600,0.5712
0.5610,0.5706
0.5620,0.5701
0.5630,0.5695
0.5640,0.5689
0.5650,0.5684
0.5660,0.5678
0.5670,0.5672
0.5680,0.5667
0.5690,0.5661
0.5700,0.5655
0.5710,0.5650
0.5720,0.5644
0.5730,0.5638
0.5740,0.5633
0.5750,0.5627
0.5760,0.5621
0.5770,0.5616
0.5780,0.5610
0.5790,0.5605
0.5800,0.5599
0.5810,0.5593
0.5820,0.5588
0.5830,0.5582
0.5840,0.5577
0.5850,0.5571
0.5860,0.5565
0.5870,0.5560
0.5880,0.5554
0.5890,0.5549
0.5900,0.5543
0.5910,0.5538
0.5920,0.5532
0.5930,0.5527
0.5940,0.5521
0.5950,0.5516
0.5960,0.5510
0.5970,0.5505
0.5980,0.5499
0.5990,0.5494
0.6000,0.5488
0.6010,0.5483
0.6020,0.5477
0.6030,0.5472
0.6040,0.5466
0.6050,0.5461
0.6060,0.5455
0.6070,0.5450
0.6080,0.5444
0.6090,0.5439
0.6100,0.5434
0.6110,0.5428
0.6120,0.5423
0.6130,0.5417
0.6140,0.5412
0.6150,0.5406
0.6160,0.5401
0.6170,0.5396
0.6180,0.5390
0.6190,0.5385
0.6200,0.5379
0.6210,0.5374
0.6220,0.5369
0.6230,0.5363
0.6240,0.5358
0.6250,0.5353
0.6260,0.5347
0.6270,0.5342
0.6280,0.5337
0.6290,0.5331
0.6300,0.5326
0.6310,0.5321
0.6320,0.5315
0.6330,0.5310
0.6340,0.5305
0.6350,0.5299
0.6360,0.5294
0.6370,0.5289
0.6380,0.5283
0.6390,0.5278
0.6400,0.5273
0.6410,0.5268
0.6420,0.5262
0.6430,0.5257
0.6440,0.5252
0.6450,0.5247
0.6460,0.5241
0.6470,0.5236
0.6480,0.5231
0.6490,0.5226
0.6500,0.5220
0.6510,0.5215
0.6520,0.5210
0.6530,0.5205
0.6540,0.5200
0.6550,0.5194
0.6560,0.5189
0.6570,0.5184
0.6580,0.5179
0.6590,0.5174
0.6600,0.5169
0.6610,0.5163
0.6620,0.5158
0.6630,0.5153
0.6640,0.5148
0.6650,0.5143
0.6660,0.5138
0.6670,0.5132
0.6680,0.5127
0.6690,0.5122
0.6700,0.5117
0.6710,0.5112
0.6720,0.5107
0.6730,0.5102
0.6740,0.5097
0.6750,0.5092
0.6760,0.5086
0.6770,0.5081
0.6780,0.5076
0.6790,0.5071
0.6800,0.5066
0.6810,0.5061
0.6820,0.5056
0.6830,0.5051
0.6840,0.5046
0.6850,0.5041
0.6860,0.5036
0.6870,0.5031
0.6880,0.5026
0.6890,0.5021
0.6900,0.5016
0.6910,0.5011
0.6920,0.5006
0.6930,0.5001
0.6940,0.4996
0.6950,0.4991
0.6960,0.4986
0.6970,0.4981
0.6980,0.4976
0.6990,0.4971
0.7000,0.4966
0.7010,0.4961
0.7020,0.4956
0.7030,0.4951
0.7040,0.4946
0.7050,0.4941
0.7060,0.4936
0.7070,0.4931
0.7080,0.4926
0.7090,0.4921
0.7100,0.4916
0.7110,0.4912
0.7120,0.4907
0.7130,0.4902
0.7140,0.4897
0.7150,0.4892
0.7160,0.4887
0.7170,0.4882
0.7180,0.4877
0.7190,0.4872
0.7200,0.4868
0.7210,0.4863
0.7220,0.4858
0.7230,0.4853
0.7240,0.4848
0.7250,0.4843
0.7260,0.4838
0.7270,0.4834
0.7280,0.4829
0.7290,0.4824
0.7300,0.4819
0.7310,0.4814
0.7320,0.4809
0.7330,0.4805
0.7340,0.4800
0.7350,0.4795
0.7360,0.4790
0.7370,0.4785
0.7380,0.4781
0.7390,0.4776
0.7400,0.4771
0.7410,0.4766
0.7420,0.4762
0.7430,0.4757
0.7440,0.4752
0.7450,0.4747
0.7460,0.4743
0.7470,0.4738
0.7480,0.4733
0.7490,0.4728
0.7500,0.4724
0.7510,0.4719
0.7520,0.4714
0.7530,0.4710
0.7540,0.4705
0.7550,0.4700
0.7560,0.4695
0.7570,0.4691
0.7580,0.4686
0.7590,0.4681
0.7600,0.4677
0.7610,0.4672
0.7620,0.4667
0.7630,0.4663
0.7640,0.4658
0.7650,0.4653
0.7660,0.4649
0.7670,0.4644
0.7680,0.4639
0.7690,0.4635
0.7700,0.4630
0.7710,0.4626
0.7720,0.4621
0.7730,0.4616
0.7740,0.4612
0.7750,0.4607
0.7760,0.4602
0.7770,0.4598
0.7780,0.4593
0.7790,0.4589
0.7800,0.4584
0.7810,0.4579
0.7820,0.4575
0.7830,0.4570
0.7840,0.4566
0.7850,0.4561
0.7860,0.4557
0.7870,0.4552
0.7880,0.4548
0.7890,0.4543
0.7900,0.4538
0.7910,0.4534
0.7920,0.4529
0.7930,0.4525
0.7940,0.4520
0.7950,0.4516
0.7960,0.4511
0.7970,0.4507
0.7980,0.4502
0.7990,0.4498
0.8000,0.4493
0.8010,0.4489
0.8020,0.4484
0.8030,0.4480
0.8040,0.4475
0.8050,0.4471
0.8060,0.4466
0.8070,0.4462
0.8080,0.4457
0.8090,0.4453
0.8100,0.4449
0.8110,0.4444
0.8120,0.4440
0.8130,0.4435
0.8140,0.4431
0.8150,0.4426
0.8160,0.4422
0.8170,0.4418
0.8180,0.4413
0.8190,0.4409
0.8200,0.4404
0.8210,0.4400
0.8220,0.4396
0.8230,0.4391
0.8240,0.4387
0.8250,0.4382
0.8260,0.4378
0.8270,0.4374
0.8280,0.4369
0.8290,0.4365
0.8300,0.4360
0.8310,0.4356
0.8320,0.4352
0.8330,0.4347
0.8340,0.4343
0.8350,0.4339
0.8360,0.4334
0.8370,0.4330
0.8380,0.4326
0.8390,0.4321
0.8400,0.4317
0.8410,0.4313
0.8420,0.4308
0.8430,0.4304
0.8440,0.4300
0.8450,0.4296
0.8460,0.4291
0.8470,0.4287
0.8480,0.4283
0.8490,0.4278
0.8500,0.4274
0.8510,0.4270
0.8520,0.4266
0.8530,0.4261
0.8540,0.4257
0.8550,0.4253
0.8560,0.4249
0.8570,0.4244
0.8580,0.4240
0.8590,0.4236
0.8600,0.4232
0.8610,0.4227
0.8620,0.4223
0.8630,0.4219
0.8640,0.4215
0.8650,0.4211
0.8660,0.4206
0.8670,0.4202
0.8680,0.4198
0.8690,0.4194
0.8700,0.4190
0.8710,0.4185
0.8720,0.4181
0.8730,0.4177
0.8740,0.4173
0.8750,0.4169
0.8760,0.4164
0.8770,0.4160
0.8780,0.4156
0.8790,0.4152
0.8800,0.4148
0.8810,0.4144
0.8820,0.4140
0.8830,0.4135
0.8840,0.4131
0.8850,0.4127
0.8860,0.4123
0.8870,0.4119
0.8880,0.4115
0.8890,0.4111
0.8900,0.4107
0.8910,0.4102
0.8920,0.4098
0.8930,0.4094
0.8940,0.4090
0.8950,0.4086
0.8960,0.4082
0.8970,0.4078
0.8980,0.4074
0.8990,0.4070
0.9000,0.4066
0.9010,0.4062
0.9020,0.4058
0.9030,0.4054
0.9040,0.4049
0.9050,0.4045
0.9060,0.4041
0.9070,0.4037
0.9080,0.4033
0.9090,0.4029
0.9100,0.4025
0.9110,0.4021
0.9120,0.4017
0.9130,0.4013
0.9140,0.4009
0.9150,0.4005
0.9160,0.4001
0.9170,0.3997
0.9180,0.3993
0.9190,0.3989
0.9200,0.3985
0.9210,0.3981
0.9220,0.3977
0.9230,0.3973
0.9240,0.3969
0.9250,0.3965
0.9260,0.3961
0.9270,0.3957
0.9280,0.3953
0.9290,0.3949
0.9300,0.3946
0.9310,0.3942
0.9320,0.3938
0.9330,0.3934
0.9340,0.3930
0.9350,0.3926
0.9360,0.3922
0.9370,0.3918
0.9380,0.3914
0.9390,0.3910
0.9400,0.3906
0.9410,0.3902
0.9420,0.3898
0.9430,0.3895
0.9440,0.3891
0.9450,0.3887
0.9460,0.3883
0.9470,0.3879
0.9480,0.3875
0.9490,0.3871
0.9500,0.3867
0.9510,0.3864
0.9520,0.3860
0.9530,0.3856
0.9540,0.3852
0.9550,0.3848
0.9560,0.3844
0.9570,0.3840
0.9580,0.3837
0.9590,0.3833
0.9600,0.3829
0.9610,0.3825
0.9620,0.3821
0.9630,0.3817
0.9640,0.3814
0.9650,0.3810
0.9660,0.3806
0.9670,0.3802
0.9680,0.3798
0.9690,0.3795
0.9700,0.3791
0.9710,0.3787
0.9720,0.3783
0.9730,0.3779
0.9740,0.3776
0.9750,0.3772
0.9760,0.3768
0.9770,0.3764
0.9780,0.3761
0.9790,0.3757
0.9800,0.3753
0.9810,0.3749
0.9820,0.3746
0.9830,0.3742
0.9840,0.3738
0.9850,0.3734
0.9860,0.3731
0.9870,0.3727
0.9880,0.3723
0.9890,0.3719
0.9900,0.3716
0.9910,0.3712
0.9920,0.3708
0.9930,0.3705
0.9940,0.3701
0.9950,0.3697
0.9960,0.3694
0.9970,0.3690
0.9980,0.3686
0.9990,0.3682
1.0000,0.3679
1.0010,0.3675
1.0020,0.3671
1.0030,0.3668
1.0040,0.3664
1.0050,0.3660
1.0060,0.3657
1.0070,0.3653
1.0080,0.3649
1.0090,0.3646
1.0100,0.3642
1.0110,0.3639
1.0120,0.3635
1.0130,0.3631
1.0140,0.3628
1.0150,0.3624
1.0160,0.3620
1.0170,0.3617
1.0180,0.3613
1.0190,0.3610
1.0200,0.3606
1.0210,0.3602
1.0220,0.3599
1.0230,0.3595
1.0240,0.3592
1.0250,0.3588
1.0260,0.3584
1.0270,0.3581
1.0280,0.3577
1.0290,0.3574
1.0300,0.3570
1.0310,0.3567
1.0320,0.3563
1.0330,0.3559
1.0340,0.3556
1.0350,0.3552
1.0360,0.3549
1.0370,0.3545
1.0380,0.3542
1.0390,0.3538
1.0400,0.3535
1.0410,0.3531
1.0420,0.3527
1.0430,0.3524
1.0440,0.3520
1.0450,0.3517
1.0460,0.3513
1.0470,0.3510
1.0480,0.3506
1.0490,0.3503
1.0500,0.3499
1.0510,0.3496
1.0520,0.3492
1.0530,0.3489
1.0540,0.3485
1.0550,0.3482
1.0560,0.3478
1.0570,0.3475
1.0580,0.3471
1.0590,0.3468
1.0600,0.3465
1.0610,0.3461
1.0620,0.3458
1.0630,0.3454
1.0640,0.3451
1.0650,0.3447
1.0660,0.3444
1.0670,0.3440
1.0680,0.3437
1.0690,0.3434
1.0700,0.3430
1.0710,0.3427
1.0720,0.3423
1.0730,0.3420
1.0740,0.3416
1.0750,0.3413
1.0760,0.3410
1.0770,0.3406
1.0780,0.3403
1.0790,0.3399
1.0800,0.3396
1.0810,0.3393
1.0820,0.3389
1.0830,0.3386
1.0840,0.3382
1.0850,0.3379
1.0860,0.3376
1.0870,0.3372
1.0880,0.3369
1.0890,0.3366
1.0900,0.3362
1.0910,0.3359
1.0920,0.3355
1.0930,0.3352
1.0940,0.3349
1.0950,0.3345
1.0960,0.3342
1.0970,0.3339
1.0980,0.3335
1.0990,0.3332
1.1000,0.3329
1.1010,0.3325
1.1020,0.3322
1.1030,0.3319
1.1040,0.3315
1.1050,0.3312
1.1060,0.3309
1.1070,0.3305
1.1080,0.3302
1.1090,0.3299
1.1100,0.3296
1.1110,0.3292
1.1120,0.3289
1.1130,0.3286
1.1140,0.3282
1.1150,0.3279
1.1160,0.3276
1.1170,0.3273
1.1180,0.3269
1.1190,0.3266
1.1200,0.3263
1.1210,0.3260
1.1220,0.3256
1.1230,0.3253
1.1240,0.3250
1.1250,0.3247
1.1260,0.3243
1.1270,0.3240
1.1280,0.3237
1.1290,0.3234
1.1300,0.3230
1.1310,0.3227
1.1320,0.3224
1.1330,0.3221
1.1340,0.3217
1.1350,0.3214
1.1360,0.3211
1.1370,0.3208
1.1380,0.3205
1.1390,0.3201
1.1400,0.3198
1.1410,0.3195
1.1420,0.3192
1.1430,0.3189
1.1440,0.3185
1.1450,0.3182
1.1460,0.3179
1.1470,0.3176
1.1480,0.3173
1.1490,0.3170
1.1500,0.3166
1.1510,0.3163
1.1520,0.3160
1.1530,0.3157
1.1540,0.3154
1.1550,0.3151
1.1560,0.3147
1.1570,0.3144
1.1580,0.3141
1.1590,0.3138
1.1600,0.3135
1.1610,0.3132
1.1620,0.3129
1.1630,0.3125
1.1640,0.3122
1.1650,0.3119
1.1660,0.3116
1.1670,0.3113
1.1680,0.3110
1.1690,0.3107
1.1700,0.3104
1.1710,0.3101
1.1720,0.3097
1.1730,0.3094
1.1740,0.3091
1.1750,0.3088
1.1760,0.3085
1.1770,0.3082
1.1780,0.3079
1.1790,0.3076
1.1800,0.3073
1.1810,0.3070
1.1820,0.3067
1.1830,0.3064
1.1840,0.3061
1.1850,0.3057
1.1860,0.3054
1.1870,0.3051
1.1880,0.3048
1.1890,0.3045
1.1900,0.3042
1.1910,0.3039
1.1920,0.3036
1.1930,0.3033
1.1940,0.3030
1.1950,0.3027
1.1960,0.3024
1.1970,0.3021
1.1980,0.3018
1.1990,0.3015
1.2000,0.3012
1.2010,0.3009
1.2020,0.3006
1.2030,0.3003
1.2040,0.3000
1.2050,0.2997
1.2060,0.2994
1.2070,0.2991
1.2080,0.2988
1.2090,0.2985
1.2100,0.2982
1.2110,0.2979
1.2120,0.2976
1.2130,0.2973
1.2140,0.2970
1.2150,0.2967
1.2160,0.2964
1.2170,0.2961
1.2180,0.2958
1.2190,0.2955
1.2200,0.2952
1.2210,0.2949
1.2220,0.2946
1.2230,0.2943
1.2240,0.2941
1.2250,0.2938
1.2260,0.2935
1.2270,0.2932
1.2280,0.2929
1.2290,0.2926
1.2300,0.2923
1.2310,0.2920
1.2320,0.2917
1.2330,0.2914
1.2340,0.2911
1.2350,0.2908
1.2360,0.2905
1.2370,0.2903
1.2380,0.2900
1.2390,0.2897
1.2400,0.2894
1.2410,0.2891
1.2420,0.2888
1.2430,0.2885
1.2440,0.2882
1.2450,0.2879
1.2460,0.2877
1.2470,0.2874
1.2480,0.2871
1.2490,0.2868
1.2500,0.2865
1.2510,0.2862
1.2520,0.2859
1.2530,0.2856
1.2540,0.2854
1.2550,0.2851
1.2560,0.2848
1.2570,0.2845
1.2580,0.2842
1.2590,0.2839
1.2600,0.2837
1.2610,0.2834
1.2620,0.2831
1.2630,0.2828
1.2640,0.2825
1.2650,0.2822
1.2660,0.2820
1.2670,0.2817
1.2680,0.2814
1.2690,0.2811
1.2700,0.2808
1.2710,0.2806
1.2720,0.2803
1.2730,0.2800
1.2740,0.2797
1.2750,0.2794
1.2760,0.2792
1.2770,0.2789
1.2780,0.2786
1.2790,0.2783
1.2800,0.2780
1.2810,0.2778
1.2820,0.2775
1.2830,0.2772
1.2840,0.2769
1.2850,0.2767
1.2860,0.2764
1.2870,0.2761
1.2880,0.2758
1.2890,0.2755
1.2900,0.2753
1.2910,0.2750
1.2920,0.2747
1.2930,0.2744
1.2940,0.2742
1.2950,0.2739
1.2960,0.2736
1.2970,0.2734
1.2980,0.2731
1.2990,0.2728
1.3000,0.2725
1.3010,0.2723
1.3020,0.2720
1.3030,0.2717
1.3040,0.2714
1.3050,0.2712
1.3060,0.2709
1.3070,0.2706
1.3080,0.2704
1.3090,0.2701
1.3100,0.2698
1.3110,0.2696
1.3120,0.2693
1.3130,0.2690
1.3140,0.2687
1.3150,0.2685
1.3160,0.2682
1.3170,0.2679
1.3180,0.2677
1.3190,0.2674
1.3200,0.2671
1.3210,0.2669
1.3220,0.2666
1.3230,0.2663
1.3240,0.2661
1.3250,0.2658
1.3260,0.2655
1.3270,0.2653
1.3280,0.2650
1.3290,0.2647
1.3300,0.2645
1.3310,0.2642
1.3320,0.2639
1.3330,0.2637
1.3340,0.2634
1.3350,0.2632
1.3360,0.2629
1.3370,0.2626
1.3380,0.2624
1.3390,0.2621
1.3400,0.2618
1.3410,0.2616
1.3420,0.2613
1.3430,0.2611
1.3440,0.2608
1.3450,0.2605
1.3460,0.2603
1.3470,0.2600
1.3480,0.2598
1.3490,0.2595
1.3500,0.2592
1.3510,0.2590
1.3520,0.2587
1.3530,0.2585
1.3540,0.2582
1.3550,0.2579
1.3560,0.2577
1.3570,0.2574
1.3580,0.2572
1.3590,0.2569
1.3600,0.2567
1.3610,0.2564
1.3620,0.2561
1.3630,0.2559
1.3640,0.2556
1.3650,0.2554
1.3660,0.2551
1.3670,0.2549
1.3680,0.2546
1.3690,0.2544
1.3700,0.2541
1.3710,0.2539
1.3720,0.2536
1.3730,0.2533
1.3740,0.2531
1.3750,0.2528
1.3760,0.2526
1.3770,0.2523
1.3780,0.2521
1.3790,0.2518
1.3800,0.2516
1.3810,0.2513
1.3820,0.2511
1.3830,0.2508
1.3840,0.2506
1.3850,0.2503
1.3860,0.2501
1.3870,0.2498
1.3880,0.2496
1.3890,0.2493
1.3900,0.2491
1.3910,0.2488
1.3920,0.2486
1.3930,0.2483
1.3940,0.2481
1.3950,0.2478
1.3960,0.2476
1.3970,0.2473
1.3980,0.2471
1.3990,0.2468
1.4000,0.2466
1.4010,0.2464
1.4020,0.2461
1.4030,0.2459
1.4040,0.2456
1.4050,0.2454
1.4060,0.2451
1.4070,0.2449
1.4080,0.2446
1.4090,0.2444
1.4100,0.2441
1.4110,0.2439
1.4120,0.2437
1.4130,0.2434
1.4140,0.2432
1.4150,0.2429
1.4160,0.2427
1.4170,0.2424
1.4180,0.2422
1.4190,0.2420
1.4200,0.2417
1.4210,0.2415
1.4220,0.2412
1.4230,0.2410
1.4240,0.2407
1.4250,0.2405
1.4260,0.2403
1.4270,0.2400
1.4280,0.2398
1.4290,0.2395
1.4300,0.2393
1.4310,0.2391
1.4320,0.2388
1.4330,0.2386
1.4340,0.2384
1.4350,0.2381
1.4360,0.2379
1.4370,0.2376
1.4380,0.2374
1.4390,0.2372
1.4400,0.2369
1.4410,0.2367
1.4420,0.2365
1.4430,0.2362
1.4440,0.2360
1.4450,0.2357
1.4460,0.2355
1.4470,0.2353
1.4480,0.2350
1.4490,0.2348
1.4500,0.2346
1.4510,0.2343
1.4520,0.2341
1.4530,0.2339
1.4540,0.2336
1.4550,0.2334
1.4560,0.2332
1.4570,0.2329
1.4580,0.2327
1.4590,0.2325
1.4600,0.2322
1.4610,0.2320
1.4620,0.2318
1.4630,0.2315
1.4640,0.2313
1.4650,0.2311
1.4660,0.2308
1.4670,0.2306
1.4680,0.2304
1.4690,0.2302
1.4700,0.2299
1.4710,0.2297
1.4720,0.2295
1.4730,0.2292
1.4740,0.2290
1.4750,0.2288
1.4760,0.2286
1.4770,0.2283
1.4780,0.2281
1.4790,0.2279
1.4800,0.2276
1.4810,0.2274
1.4820,0.2272
1.4830,0.2270
1.4840,0.2267
1.4850,0.2265
1.4860,0.2263
1.4870,0.2260
1.4880,0.2258
1.4890,0.2256
1.4900,0.2254
1.4910,0.2251
1.4920,0.2249
1.4930,0.2247
1.4940,0.2245
1.4950,0.2242
1.4960,0.2240
1.4970,0.2238
1.4980,0.2236
1.4990,0.2234
1.5000,0.2231
1.5010,0.2229
1.5020,0.2227
1.5030,0.2225
1.5040,0.2222
1.5050,0.2220
1.5060,0.2218
1.5070,0.2216
1.5080,0.2214
1.5090,0.2211
1.5100,0.2209
1.5110,0.2207
1.5120,0.2205
1.5130,0.2202
1.5140,0.2200
1.5150,0.2198
1.5160,0.2196
1.5170,0.2194
1.5180,0.2191
1.5190,0.2189
1.5200,0.2187
1.5210,0.2185
1.5220,0.2183
1.5230,0.2181
1.5240,0.2178
1.5250,0.2176
1.5260,0.2174
1.5270,0.2172
1.5280,0.2170
1.5290,0.2168
1.5300,0.2165
1.5310,0.2163
1.5320,0.2161
1.5330,0.2159
1.5340,0.2157
1.5350,0.2155
1.5360,0.2152
1.5370,0.2150
1.5380,0.2148
1.5390,0.2146
1.5400,0.2144
1.5410,0.2142
1.5420,0.2140
1.5430,0.2137
1.5440,0.2135
1.5450,0.2133
1.5460,0.2131
1.5470,0.2129
1.5480,0.2127
1.5490,0.2125
1.5500,0.2122
1.5510,0.2120
1.5520,0.2118
1.5530,0.2116
1.5540,0.2114
1.5550,0.2112
1.5560,0.2110
1.5570,0.2108
1.5580,0.2106
1.5590,0.2103
1.5600,0.2101
1.5610,0.2099
1.5620,0.2097
1.5630,0.2095
1.5640,0.2093
1.5650,0.2091
1.5660,0.2089
1.5670,0.2087
1.5680,0.2085
1.5690,0.2083
1.5700,0.2080
1.5710,0.2078
1.5720,0.2076
1.5730,0.2074
1.5740,0.2072
1.5750,0.2070
1.5760,0.2068
1.5770,0.2066
1.5780,0.2064
1.5790,0.2062
1.5800,0.2060
1.5810,0.2058
1.5820,0.2056
1.5830,0.2054
1.5840,0.2052
1.5850,0.2049
1.5860,0.2047
1.5870,0.2045
1.5880,0.2043
1.5890,0.2041
1.5900,0.2039
1.5910,0.2037
1.5920,0.2035
1.5930,0.2033
1.5940,0.2031
1.5950,0.2029
1.5960,0.2027
1.5970,0.2025
1.5980,0.2023
1.5990,0.2021
1.6000,0.2019
1.6010,0.2017
1.6020,0.2015
1.6030,0.2013
1.6040,0.2011
1.6050,0.2009
1.6060,0.2007
1.6070,0.2005
1.6080,0.2003
1.6090,0.2001
1.6100,0.1999
1.6110,0.1997
1.6120,0.1995
1.6130,0.1993
1.6140,0.1991
1.6150,0.1989
1.6160,0.1987
1.6170,0.1985
1.6180,0.1983
1.6190,0.1981
1.6200,0.1979
1.6210,0.1977
1.6220,0.1975
1.6230,0.1973
1.6240,0.1971
1.6250,0.1969
1.6260,0.1967
1.6270,0.1965
1.6280,0.1963
1.6290,0.1961
1.6300,0.1959
1.6310,0.1957
1.6320,0.1955
1.6330,0.1953
1.6340,0.1951
1.6350,0.1950
1.6360,0.1948
1.6370,0.1946
1.6380,0.1944
1.6390,0.1942
1.6400,0.1940
1.6410,0.1938
1.6420,0.1936
1.6430,0.1934
1.6440,0.1932
1.6450,0.1930
1.6460,0.1928
1.6470,0.1926
1.6480,0.1924
1.6490,0.1922
1.6500,0.1920
1.6510,0.1919
1.6520,0.1917
1.6530,0.1915
1.6540,0.1913
1.6550,0.1911
1.6560,0.1909
1.6570,0.1907
1.6580,0.1905
1.6590,0.1903
1.6600,0.1901
1.6610,0.1899
1.6620,0.1898
1.6630,0.1896
1.6640,0.1894
1.6650,0.1892
1.6660,0.1890
1.6670,0.1888
1.6680,0.1886
1.6690,0.1884
1.6700,0.1882
1.6710,0.1881
1.6720,0.1879
1.6730,0.1877
1.6740,0.1875
1.6750,0.1873
1.6760,0.1871
1.6770,0.1869
1.6780,0.1867
1.6790,0.1866
1.6800,0.1864
1.6810,0.1862
1.6820,0.1860
1.6830,0.1858
1.6840,0.1856
1.6850,0.1854
1.6860,0.1853
1.6870,0.1851
1.6880,0.1849
1.6890,0.1847
1.6900,0.1845
1.6910,0.1843
1.6920,0.1842
1.6930,0.1840
1.6940,0.1838
1.6950,0.1836
1.6960,0.1834
1.6970,0.1832
1.6980,0.1830
1.6990,0.1829
1.7000,0.1827
1.7010,0.1825
1.7020,0.1823
1.7030,0.1821
1.7040,0.1820
1.7050,0.1818
1.7060,0.1816
1.7070,0.1814
1.7080,0.1812
1.7090,0.1810
1.7100,0.1809
1.7110,0.1807
1.7120,0.1805
1.7130,0.1803
1.7140,0.1801
1.7150,0.1800
1.7160,0.1798
1.7170,0.1796
1.7180,0.1794
1.7190,0.1792
1.7200,0.1791
1.7210,0.1789
1.7220,0.1787
1.7230,0.1785
1.7240,0.1784
1.7250,0.1782
1.7260,0.1780
1.7270,0.1778
1.7280,0.1776
1.7290,0.1775
1.7300,0.1773
1.7310,0.1771
1.7320,0.1769
1.7330,0.1768
1.7340,0.1766
1.7350,0.1764
1.7360,0.1762
1.7370,0.1760
1.7380,0.1759
1.7390,0.1757
1.7400,0.1755
1.7410,0.1753
1.7420,0.1752
1.7430,0.1750
1.7440,0.1748
1.7450,0.1746
1.7460,0.1745
1.7470,0.1743
1.7480,0.1741
1.7490,0.1739
1.7500,0.1738
1.7510,0.1736
1.7520,0.1734
1.7530,0.1733
1.7540,0.1731
1.7550,0.1729
1.7560,0.1727
1.7570,0.1726
1.7580,0.1724
1.7590,0.1722
1.7600,0.1720
1.7610,0.1719
1.7620,0.1717
1.7630,0.1715
1.7640,0.1714
1.7650,0.1712
1.7660,0.1710
1.7670,0.1708
1.7680,0.1707
1.7690,0.1705
1.7700,0.1703
1.7710,0.1702
1.7720,0.1700
1.7730,0.1698
1.7740,0.1697
1.7750,0.1695
1.7760,0.1693
1.7770,0.1691
1.7780,0.1690
1.7790,0.1688
1.7800,0.1686
1.7810,0.1685
1.7820,0.1683
1.7830,0.1681
1.7840,0.1680
1.7850,0.1678
1.7860,0.1676
1.7870,0.1675
1.7880,0.1673
1.7890,0.1671
1.7900,0.1670
1.7910,0.1668
1.7920,0.1666
1.7930,0.1665
1.7940,0.1663
1.7950,0.1661
1.7960,0.1660
1.7970,0.1658
1.7980,0.1656
1.7990,0.1655
1.8000,0.1653
1.8010,0.1651
1.8020,0.1650
1.8030,0.1648
1.8040,0.1646
1.8050,0.1645
1.8060,0.1643
1.8070,0.1641
1.8080,0.1640
1.8090,0.1638
1.8100,0.1637
1.8110,0.1635
1.8120,0.1633
1.8130,0.1632
1.8140,0.1630
1.8150,0.1628
1.8160,0.1627
1.8170,0.1625
1.8180,0.1624
1.8190,0.1622
1.8200,0.1620
1.8210,0.1619
1.8220,0.1617
1.8230,0.1615
1.8240,0.1614
1.8250,0.1612
1.8260,0.1611
1.8270,0.1609
1.8280,0.1607
1.8290,0.1606
1.8300,0.1604
1.8310,0.1603
1.8320,0.1601
1.8330,0.1599
1.8340,0.1598
1.8350,0.1596
1.8360,0.1595
1.8370,0.1593
1.8380,0.1591
1.8390,0.1590
1.8400,0.1588
1.8410,0.1587
1.8420,0.1585
1.8430,0.1583
1.8440,0.1582
1.8450,0.1580
1.8460,0.1579
1.8470,0.1577
1.8480,0.1576
1.8490,0.1574
1.8500,0.1572
1.8510,0.1571
1.8520,0.1569
1.8530,0.1568
1.8540,0.1566
1.8550,0.1565
1.8560,0.1563
1.8570,0.1561
1.8580,0.1560
1.8590,0.1558
1.8600,0.1557
1.8610,0.1555
1.8620,0.1554
1.8630,0.1552
1.8640,0.1551
1.8650,0.1549
1.8660,0.1547
1.8670,0.1546
1.8680,0.1544
1.8690,0.1543
1.8700,0.1541
1.8710,0.1540
1.8720,0.1538
1.8730,0.1537
1.8740,0.1535
1.8750,0.1534
1.8760,0.1532
1.8770,0.1530
1.8780,0.1529
1.8790,0.1527
1.8800,0.1526
1.8810,0.1524
1.8820,0.1523
1.8830,0.1521
1.8840,0.1520
1.8850,0.1518
1.8860,0.1517
1.8870,0.1515
1.8880,0.1514
1.8890,0.1512
1.8900,0.1511
1.8910,0.1509
1.8920,0.1508
1.8930,0.1506
1.8940,0.1505
1.8950,0.1503
1.8960,0.1502
1.8970,0.1500
1.8980,0.1499
1.8990,0.1497
1.9000,0.1496
1.9010,0.1494
1.9020,0.1493
1.9030,0.1491
1.9040,0.1490
1.9050,0.1488
1.9060,0.1487
1.9070,0.1485
1.9080,0.1484
1.9090,0.1482
1.9100,0.1481
1.9110,0.1479
1.9120,0.1478
1.9130,0.1476
1.9140,0.1475
1.9150,0.1473
1.9160,0.1472
1.9170,0.1470
1.9180,0.1469
1.9190,0.1468
1.9200,0.1466
1.9210,0.1465
1.9220,0.1463
1.9230,0.1462
1.9240,0.1460
1.9250,0.1459
1.9260,0.1457
1.9270,0.1456
1.9280,0.1454
1.9290,0.1453
1.9300,0.1451
1.9310,0.1450
1.9320,0.1449
1.9330,0.1447
1.9340,0.1446
1.9350,0.1444
1.9360,0.1443
1.9370,0.1441
1.9380,0.1440
1.9390,0.1438
1.9400,0.1437
1.9410,0.1436
1.9420,0.1434
1.9430,0.1433
1.9440,0.1431
1.9450,0.1430
1.9460,0.1428
1.9470,0.1427
1.9480,0.1426
1.9490,0.1424
1.9500,0.1423
1.9510,0.1421
1.9520,0.1420
1.9530,0.1418
1.9540,0.1417
1.9550,0.1416
1.9560,0.1414
1.9570,0.1413
1.9580,0.1411
1.9590,0.1410
1.9600,0.1409
1.9610,0.1407
1.9620,0.1406
1.9630,0.1404
1.9640,0.1403
1.9650,0.1402
1.9660,0.1400
1.9670,0.1399
1.9680,0.1397
1.9690,0.1396
1.9700,0.1395
1.9710,0.1393
1.9720,0.1392
1.9730,0.1390
1.9740,0.1389
1.9750,0.1388
1.9760,0.1386
1.9770,0.1385
1.9780,0.1383
1.9790,0.1382
1.9800,0.1381
1.9810,0.1379
1.9820,0.1378
1.9830,0.1377
1.9840,0.1375
1.9850,0.1374
1.9860,0.1372
1.9870,0.1371
1.9880,0.1370
1.9890,0.1368
1.9900,0.1367
1.9910,0.1366
1.9920,0.1364
1.9930,0.1363
1.9940,0.1361
1.9950,0.1360
1.9960,0.1359
1.9970,0.1357
1.9980,0.1356
1.9990,0.1355
2.0000,0.1353
2.0010,0.1352
2.0020,0.1351
2.0030,0.1349
2.0040,0.1348
2.0050,0.1347
2.0060,0.1345
2.0070,0.1344
2.0080,0.1343
2.0090,0.1341
2.0100,0.1340
2.0110,0.1339
2.0120,0.1337
2.0130,0.1336
2.0140,0.1335
2.0150,0.1333
2.0160,0.1332
2.0170,0.1331
2.0180,0.1329
2.0190,0.1328
2.0200,0.1327
2.0210,0.1325
2.0220,0.1324
2.0230,0.1323
2.0240,0.1321
2.0250,0.1320
2.0260,0.1319
2.0270,0.1317
2.0280,0.1316
2.0290,0.1315
2.0300,0.1313
2.0310,0.1312
2.0320,0.1311
2.0330,0.1309
2.0340,0.1308
2.0350,0.1307
2.0360,0.1305
2.0370,0.1304
2.0380,0.1303
2.0390,0.1302
2.0400,0.1300
2.0410,0.1299
2.0420,0.1298
2.0430,0.1296
2.0440,0.1295
2.0450,0.1294
2.0460,0.1293
2.0470,0.1291
2.0480,0.1290
2.0490,0.1289
2.0500,0.1287
2.0510,0.1286
2.0520,0.1285
2.0530,0.1283
2.0540,0.1282
2.0550,0.1281
2.0560,0.1280
2.0570,0.1278
2.0580,0.1277
2.0590,0.1276
2.0600,0.1275
2.0610,0.1273
2.0620,0.1272
2.0630,0.1271
2.0640,0.1269
2.0650,0.1268
2.0660,0.1267
2.0670,0.1266
2.0680,0.1264
2.0690,0.1263
2.0700,0.1262
2.0710,0.1261
2.0720,0.1259
2.0730,0.1258
2.0740,0.1257
2.0750,0.1256
2.0760,0.1254
2.0770,0.1253
2.0780,0.1252
2.0790,0.1251
2.0800,0.1249
2.0810,0.1248
2.0820,0.1247
2.0830,0.1246
2.0840,0.1244
2.0850,0.1243
2.0860,0.1242
2.0870,0.1241
2.0880,0.1239
2.0890,0.1238
2.0900,0.1237
2.0910,0.1236
2.0920,0.1234
2.0930,0.1233
2.0940,0.1232
2.0950,0.1231
2.0960,0.1229
2.0970,0.1228
2.0980,0.1227
2.0990,0.1226
2.1000,0.1225
2.1010,0.1223
2.1020,0.1222
2.1030,0.1221
2.1040,0.1220
2.1050,0.1218
2.1060,0.1217
2.1070,0.1216
2.1080,0.1215
2.1090,0.1214
2.1100,0.1212
2.1110,0.1211
2.1120,0.1210
2.1130,0.1209
2.1140,0.1208
2.1150,0.1206
2.1160,0.1205
2.1170,0.1204
2.1180,0.1203
2.1190,0.1202
2.1200,0.1200
2.1210,0.1199
2.1220,0.1198
2.1230,0.1197
2.1240,0.1196
2.1250,0.1194
2.1260,0.1193
2.1270,0.1192
2.1280,0.1191
2.1290,0.1190
2.1300,0.1188
2.1310,0.1187
2.1320,0.1186
2.1330,0.1185
2.1340,0.1184
2.1350,0.1182
2.1360,0.1181
2.1370,0.1180
2.1380,0.1179
2.1390,0.1178
2.1400,0.1177
2.1410,0.1175
2.1420,0.1174
2.1430,0.1173
2.1440,0.1172
2.1450,0.1171
2.1460,0.1170
2.1470,0.1168
2.1480,0.1167
2.1490,0.1166
2.1500,0.1165
2.1510,0.1164
2.1520,0.1163
2.1530,0.1161
2.1540,0.1160
2.1550,0.1159
2.1560,0.1158
2.1570,0.1157
2.1580,0.1156
2.1590,0.1154
2.1600,0.1153
2.1610,0.1152
2.1620,0.1151
2.1630,0.1150
2.1640,0.1149
2.1650,0.1147
2.1660,0.1146
2.1670,0.1145
2.1680,0.1144
2.1690,0.1143
2.1700,0.1142
2.1710,0.1141
2.1720,0.1139
2.1730,0.1138
2.1740,0.1137
2.1750,0.1136
2.1760,0.1135
2.1770,0.1134
2.1780,0.1133
2.1790,0.1132
2.1800,0.1130
2.1810,0.1129
2.1820,0.1128
2.1830,0.1127
2.1840,0.1126
2.1850,0.1125
2.1860,0.1124
2.1870,0.1123
2.1880,0.1121
2.1890,0.1120
2.1900,0.1119
2.1910,0.1118
2.1920,0.1117
2.1930,0.1116
2.1940,0.1115
2.1950,0.1114
2.1960,0.1112
2.1970,0.1111
2.1980,0.1110
2.1990,0.1109
2.2000,0.1108
2.2010,0.1107
2.2020,0.1106
2.2030,0.1105
2.2040,0.1104
2.2050,0.1103
2.2060,0.1101
2.2070,0.1100
2.2080,0.1099
2.2090,0.1098
2.2100,0.1097
2.2110,0.1096
2.2120,0.1095
2.2130,0.1094
2.2140,0.1093
2.2150,0.1092
2.2160,0.1090
2.2170,0.1089
2.2180,0.1088
2.2190,0.1087
2.2200,0.1086
2.2210,0.1085
2.2220,0.1084
2.2230,0.1083
2.2240,0.1082
2.2250,0.1081
2.2260,0.1080
2.2270,0.1079
2.2280,0.1077
2.2290,0.1076
2.2300,0.1075
2.2310,0.1074
2.2320,0.1073
2.2330,0.1072
2.2340,0.1071
2.2350,0.1070
2.2360,0.1069
2.2370,0.1068
2.2380,0.1067
2.2390,0.1066
2.2400,0.1065
2.2410,0.1064
2.2420,0.1062
2.2430,0.1061
2.2440,0.1060
2.2450,0.1059
2.2460,0.1058
2.2470,0.1057
2.2480,0.1056
2.2490,0.1055
2.2500,0.1054
2.2510,0.1053
2.2520,0.1052
2.2530,0.1051
2.2540,0.1050
2.2550,0.1049
2.2560,0.1048
2.2570,0.1047
2.2580,0.1046
2.2590,0.1045
2.2600,0.1044
2.2610,0.1042
2.2620,0.1041
2.2630,0.1040
2.2640,0.1039
2.2650,0.1038
2.2660,0.1037
2.2670,0.1036
2.2680,0.1035
2.2690,0.1034
2.2700,0.1033
2.2710,0.1032
2.2720,0.1031
2.2730,0.1030
2.2740,0.1029
2.2750,0.1028
2.2760,0.1027
2.2770,0.1026
2.2780,0.1025
2.2790,0.1024
2.2800,0.1023
2.2810,0.1022
2.2820,0.1021
2.2830,0.1020
2.2840,0.1019
2.2850,0.1018
2.2860,0.1017
2.2870,0.1016
2.2880,0.1015
2.2890,0.1014
2.2900,0.1013
2.2910,0.1012
2.2920,0.1011
2.2930,0.1010
2.2940,0.1009
2.2950,0.1008
2.2960,0.1007
2.2970,0.1006
2.2980,0.1005
2.2990,0.1004
2.3000,0.1003
2.3010,0.1002
2.3020,0.1001
2.3030,0.1000
2.3040,0.0999
2.3050,0.0998
2.3060,0.0997
2.3070,0.0996
2.3080,0.0995
2.3090,0.0994
2.3100,0.0993
2.3110,0.0992
2.3120,0.0991
2.3130,0.0990
2.3140,0.0989
2.3150,0.0988
2.3160,0.0987
2.3170,0.0986
2.3180,0.0985
2.3190,0.0984
2.3200,0.0983
2.3210,0.0982
2.3220,0.0981
2.3230,0.0980
2.3240,0.0979
2.3250,0.0978
2.3260,0.0977
2.3270,0.0976
2.3280,0.0975
2.3290,0.0974
2.3300,0.0973
2.3310,0.0972
2.3320,0.0971
2.3330,0.0970
2.3340,0.0969
2.3350,0.0968
2.3360,0.0967
2.3370,0.0966
2.3380,0.0965
2.3390,0.0964
2.3400,0.0963
2.3410,0.0962
2.3420,0.0961
2.3430,0.0960
2.3440,0.0959
2.3450,0.0958
2.3460,0.0958
2.3470,0.0957
2.3480,0.0956
2.3490,0.0955
2.3500,0.0954
2.3510,0.0953
2.3520,0.0952
2.3530,0.0951
2.3540,0.0950
2.3550,0.0949
2.3560,0.0948
2.3570,0.0947
2.3580,0.0946
2.3590,0.0945
2.3600,0.0944
2.3610,0.0943
2.3620,0.0942
2.3630,0.0941
2.3640,0.0940
2.3650,0.0939
2.3660,0.0939
2.3670,0.0938
2.3680,0.0937
2.3690,0.0936
2.3700,0.0935
2.3710,0.0934
2.3720,0.0933
2.3730,0.0932
2.3740,0.0931
2.3750,0.0930
2.3760,0.0929
2.3770,0.0928
2.3780,0.0927
2.3790,0.0926
2.3800,0.0926
2.3810,0.0925
2.3820,0.0924
2.3830,0.0923
2.3840,0.0922
2.3850,0.0921
2.3860,0.0920
2.3870,0.0919
2.3880,0.0918
2.3890,0.0917
2.3900,0.0916
2.3910,0.0915
2.3920,0.0914
2.3930,0.0914
2.3940,0.0913
2.3950,0.0912
2.3960,0.0911
2.3970,0.0910
2.3980,0.0909
2.3990,0.0908
2.4000,0.0907
2.4010,0.0906
2.4020,0.0905
2.4030,0.0904
2.4040,0.0904
2.4050,0.0903
2.4060,0.0902
2.4070,0.0901
2.4080,0.0900
2.4090,0.0899
2.4100,0.0898
2.4110,0.0897
2.4120,0.0896
2.4130,0.0895
2.4140,0.0895
2.4150,0.0894
2.4160,0.0893
2.4170,0.0892
2.4180,0.0891
2.4190,0.0890
2.4200,0.0889
2.4210,0.0888
2.4220,0.0887
2.4230,0.0887
2.4240,0.0886
2.4250,0.0885
2.4260,0.0884
2.4270,0.0883
2.4280,0.0882
2.4290,0.0881
2.4300,0.0880
2.4310,0.0879
2.4320,0.0879
2.4330,0.0878
2.4340,0.0877
2.4350,0.0876
2.4360,0.0875
2.4370,0.0874
2.4380,0.0873
2.4390,0.0872
2.4400,0.0872
2.4410,0.0871
2.4420,0.0870
2.4430,0.0869
2.4440,0.0868
2.4450,0.0867
2.4460,0.0866
2.4470,0.0866
2.4480,0.0865
2.4490,0.0864
2.4500,0.0863
2.4510,0.0862
2.4520,0.0861
2.4530,0.0860
2.4540,0.0859
2.4550,0.0859
2.4560,0.0858
2.4570,0.0857
2.4580,0.0856
2.4590,0.0855
2.4600,0.0854
2.4610,0.0853
2.4620,0.0853
2.4630,0.0852
2.4640,0.0851
2.4650,0.0850
2.4660,0.0849
2.4670,0.0848
2.4680,0.0848
2.4690,0.0847
2.4700,0.0846
2.4710,0.0845
2.4720,0.0844
2.4730,0.0843
2.4740,0.0842
2.4750,0.0842
2.4760,0.0841
2.4770,0.0840
2.4780,0.0839
2.4790,0.0838
2.4800,0.0837
2.4810,0.0837
2.4820,0.0836
2.4830,0.0835
2.4840,0.0834
2.4850,0.0833
2.4860,0.0832
2.4870,0.0832
2.4880,0.0831
2.4890,0.0830
2.4900,0.0829
2.4910,0.0828
2.4920,0.0827
2.4930,0.0827
2.4940,0.0826
2.4950,0.0825
2.4960,0.0824
2.4970,0.0823
2.4980,0.0822
2.4990,0.0822
2.5000,0.0821
2.5010,0.0820
2.5020,0.0819
2.5030,0.0818
2.5040,0.0818
2.5050,0.0817
2.5060,0.0816
2.5070,0.0815
2.5080,0.0814
2.5090,0.0813
2.5100,0.0813
2.5110,0.0812
2.5120,0.0811
2.5130,0.0810
2.5140,0.0809
2.5150,0.0809
2.5160,0.0808
2.5170,0.0807
2.5180,0.0806
2.5190,0.0805
2.5200,0.0805
2.5210,0.0804
2.5220,0.0803
2.5230,0.0802
2.5240,0.0801
2.5250,0.0801
2.5260,0.0800
2.5270,0.0799
2.5280,0.0798
2.5290,0.0797
2.5300,0.0797
2.5310,0.0796
2.5320,0.0795
2.5330,0.0794
2.5340,0.0793
2.5350,0.0793
2.5360,0.0792
2.5370,0.0791
2.5380,0.0790
2.5390,0.0789
2.5400,0.0789
2.5410,0.0788
2.5420,0.0787
2.5430,0.0786
2.5440,0.0786
2.5450,0.0785
2.5460,0.0784
2.5470,0.0783
2.5480,0.0782
2.5490,0.0782
2.5500,0.0781
2.5510,0.0780
2.5520,0.0779
2.5530,0.0778
2.5540,0.0778
2.5550,0.0777
2.5560,0.0776
2.5570,0.0775
2.5580,0.0775
2.5590,0.0774
2.5600,0.0773
2.5610,0.0772
2.5620,0.0772
2.5630,0.0771
2.5640,0.0770
2.5650,0.0769
2.5660,0.0768
2.5670,0.0768
2.5680,0.0767
2.5690,0.0766
2.5700,0.0765
2.5710,0.0765
2.5720,0.0764
2.5730,0.0763
2.5740,0.0762
2.5750,0.0762
2.5760,0.0761
2.5770,0.0760
2.5780,0.0759
2.5790,0.0758
2.5800,0.0758
2.5810,0.0757
2.5820,0.0756
2.5830,0.0755
2.5840,0.0755
2.5850,0.0754
2.5860,0.0753
2.5870,0.0752
2.5880,0.0752
2.5890,0.0751
2.5900,0.0750
2.5910,0.0749
2.5920,0.0749
2.5930,0.0748
2.5940,0.0747
2.5950,0.0746
2.5960,0.0746
2.5970,0.0745
2.5980,0.0744
2.5990,0.0743
2.6000,0.0743
2.6010,0.0742
2.6020,0.0741
2.6030,0.0741
2.6040,0.0740
2.6050,0.0739
2.6060,0.0738
2.6070,0.0738
2.6080,0.0737
2.6090,0.0736
2.6100,0.0735
2.6110,0.0735
2.6120,0.0734
2.6130,0.0733
2.6140,0.0732
2.6150,0.0732
2.6160,0.0731
2.6170,0.0730
2.6180,0.0729
2.6190,0.0729
2.6200,0.0728
2.6210,0.0727
2.6220,0.0727
2.6230,0.0726
2.6240,0.0725
2.6250,0.0724
2.6260,0.0724
2.6270,0.0723
2.6280,0.0722
2.6290,0.0722
2.6300,0.0721
2.6310,0.0720
2.6320,0.0719
2.6330,0.0719
2.6340,0.0718
2.6350,0.0717
2.6360,0.0716
2.6370,0.0716
2.6380,0.0715
2.6390,0.0714
2.6400,0.0714
2.6410,0.0713
2.6420,0.0712
2.6430,0.0711
2.6440,0.0711
2.6450,0.0710
2.6460,0.0709
2.6470,0.0709
2.6480,0.0708
2.6490,0.0707
2.6500,0.0707
2.6510,0.0706
2.6520,0.0705
2.6530,0.0704
2.6540,0.0704
2.6550,0.0703
2.6560,0.0702
2.6570,0.0702
2.6580,0.0701
2.6590,0.0700
2.6600,0.0699
2.6610,0.0699
2.6620,0.0698
2.6630,0.0697
2.6640,0.0697
2.6650,0.0696
2.6660,0.0695
2.6670,0.0695
2.6680,0.0694
2.6690,0.0693
2.6700,0.0693
2.6710,0.0692
2.6720,0.0691
2.6730,0.0690
2.6740,0.0690
2.6750,0.0689
2.6760,0.0688
2.6770,0.0688
2.6780,0.0687
2.6790,0.0686
2.6800,0.0686
2.6810,0.0685
2.6820,0.0684
2.6830,0.0684
2.6840,0.0683
2.6850,0.0682
2.6860,0.0682
2.6870,0.0681
2.6880,0.0680
2.6890,0.0679
2.6900,0.0679
2.6910,0.0678
2.6920,0.0677
2.6930,0.0677
2.6940,0.0676
2.6950,0.0675
2.6960,0.0675
2.6970,0.0674
2.6980,0.0673
2.6990,0.0673
2.7000,0.0672
2.7010,0.0671
2.7020,0.0671
2.7030,0.0670
2.7040,0.0669
2.7050,0.0669
2.7060,0.0668
2.7070,0.0667
2.7080,0.0667
2.7090,0.0666
2.7100,0.0665
2.7110,0.0665
2.7120,0.0664
2.7130,0.0663
2.7140,0.0663
2.7150,0.0662
2.7160,0.0661
2.7170,0.0661
2.7180,0.0660
2.7190,0.0659
2.7200,0.0659
2.7210,0.0658
2.7220,0.0657
2.7230,0.0657
2.7240,0.0656
2.7250,0.0655
2.7260,0.0655
2.7270,0.0654
2.7280,0.0653
2.7290,0.0653
2.7300,0.0652
2.7310,0.0652
2.7320,0.0651
2.7330,0.0650
2.7340,0.0650
2.7350,0.0649
2.7360,0.0648
2.7370,0.0648
2.7380,0.0647
2.7390,0.0646
2.7400,0.0646
2.7410,0.0645
2.7420,0.0644
2.7430,0.0644
2.7440,0.0643
2.7450,0.0642
2.7460,0.0642
2.7470,0.0641
2.7480,0.0641
2.7490,0.0640
2.7500,0.0639
2.7510,0.0639
2.7520,0.0638
2.7530,0.0637
2.7540,0.0637
2.7550,0.0636
2.7560,0.0635
2.7570,0.0635
2.7580,0.0634
2.7590,0.0634
2.7600,0.0633
2.7610,0.0632
2.7620,0.0632
2.7630,0.0631
2.7640,0.0630
2.7650,0.0630
2.7660,0.0629
2.7670,0.0629
2.7680,0.0628
2.7690,0.0627
2.7700,0.0627
2.7710,0.0626
2.7720,0.0625
2.7730,0.0625
2.7740,0.0624
2.7750,0.0623
2.7760,0.0623
2.7770,0.0622
2.7780,0.0622
2.7790,0.0621
2.7800,0.0620
2.7810,0.0620
2.7820,0.0619
2.7830,0.0619
2.7840,0.0618
2.7850,0.0617
2.7860,0.0617
2.7870,0.0616
2.7880,0.0615
2.7890,0.0615
2.7900,0.0614
2.7910,0.0614
2.7920,0.0613
2.7930,0.0612
2.7940,0.0612
2.7950,0.0611
2.7960,0.0611
2.7970,0.0610
2.7980,0.0609
2.7990,0.0609
2.8000,0.0608
2.8010,0.0607
2.8020,0.0607
2.8030,0.0606
2.8040,0.0606
2.8050,0.0605
2.8060,0.0604
2.8070,0.0604
2.8080,0.0603
2.8090,0.0603
2.8100,0.0602
2.8110,0.0601
2.8120,0.0601
2.8130,0.0600
2.8140,0.0600
2.8150,0.0599
2.8160,0.0598
2.8170,0.0598
2.8180,0.0597
2.8190,0.0597
2.8200,0.0596
2.8210,0.0595
2.8220,0.0595
2.8230,0.0594
2.8240,0.0594
2.8250,0.0593
2.8260,0.0592
2.8270,0.0592
2.8280,0.0591
2.8290,0.0591
2.8300,0.0590
2.8310,0.0590
2.8320,0.0589
2.8330,0.0588
2.8340,0.0588
2.8350,0.0587
2.8360,0.0587
2.8370,0.0586
2.8380,0.0585
2.8390,0.0585
2.8400,0.0584
2.8410,0.0584
2.8420,0.0583
2.8430,0.0583
2.8440,0.0582
2.8450,0.0581
2.8460,0.0581
2.8470,0.0580
2.8480,0.0580
2.8490,0.0579
2.8500,0.0578
2.8510,0.0578
2.8520,0.0577
2.8530,0.0577
2.8540,0.0576
2.8550,0.0576
2.8560,0.0575
2.8570,0.0574
2.8580,0.0574
2.8590,0.0573
2.8600,0.0573
2.8610,0.0572
2.8620,0.0572
2.8630,0.0571
2.8640,0.0570
2.8650,0.0570
2.8660,0.0569
2.8670,0.0569
2.8680,0.0568
2.8690,0.0568
2.8700,0.0567
2.8710,0.0566
2.8720,0.0566
2.8730,0.0565
2.8740,0.0565
2.8750,0.0564
2.8760,0.0564
2.8770,0.0563
2.8780,0.0562
2.8790,0.0562
2.8800,0.0561
2.8810,0.0561
2.8820,0.0560
2.8830,0.0560
2.8840,0.0559
2.8850,0.0559
2.8860,0.0558
2.8870,0.0557
2.8880,0.0557
2.8890,0.0556
2.8900,0.0556
2.8910,0.0555
2.8920,0.0555
2.8930,0.0554
2.8940,0.0554
2.8950,0.0553
2.8960,0.0552
2.8970,0.0552
2.8980,0.0551
2.8990,0.0551
2.9000,0.0550
2.9010,0.0550
2.9020,0.0549
2.9030,0.0549
2.9040,0.0548
2.9050,0.0547
2.9060,0.0547
2.9070,0.0546
2.9080,0.0546
2.9090,0.0545
2.9100,0.0545
2.9110,0.0544
2.9120,0.0544
2.9130,0.0543
2.9140,0.0543
2.9150,0.0542
2.9160,0.0541
2.9170,0.0541
2.9180,0.0540
2.9190,0.0540
2.9200,0.0539
2.9210,0.0539
2.9220,0.0538
2.9230,0.0538
2.9240,0.0537
2.9250,0.0537
2.9260,0.0536
2.9270,0.0536
2.9280,0.0535
2.9290,0.0535
2.9300,0.0534
2.9310,0.0533
2.9320,0.0533
2.9330,0.0532
2.9340,0.0532
2.9350,0.0531
2.9360,0.0531
2.9370,0.0530
2.9380,0.0530
2.9390,0.0529
2.9400,0.0529
2.9410,0.0528
2.9420,0.0528
2.9430,0.0527
2.9440,0.0527
2.9450,0.0526
2.9460,0.0525
2.9470,0.0525
2.9480,0.0524
2.9490,0.0524
2.9500,0.0523
2.9510,0.0523
2.9520,0.0522
2.9530,0.0522
2.9540,0.0521
2.9550,0.0521
2.9560,0.0520
2.9570,0.0520
2.9580,0.0519
2.9590,0.0519
2.9600,0.0518
2.9610,0.0518
2.9620,0.0517
2.9630,0.0517
2.9640,0.0516
2.9650,0.0516
2.9660,0.0515
2.9670,0.0515
2.9680,0.0514
2.9690,0.0514
2.9700,0.0513
2.9710,0.0513
2.9720,0.0512
2.9730,0.0511
2.9740,0.0511
2.9750,0.0510
2.9760,0.0510
2.9770,0.0509
2.9780,0.0509
2.9790,0.0508
2.9800,0.0508
2.9810,0.0507
2.9820,0.0507
2.9830,0.0506
2.9840,0.0506
2.9850,0.0505
2.9860,0.0505
2.9870,0.0504
2.9880,0.0504
2.9890,0.0503
2.9900,0.0503
2.9910,0.0502
2.9920,0.0502
2.9930,0.0501
2.9940,0.0501
2.9950,0.0500
2.9960,0.0500
2.9970,0.0499
2.9980,0.0499
2.9990,0.0498
3.0000,0.0498
3.0010,0.0497
3.0020,0.0497
3.0030,0.0496
3.0040,0.0496
3.0050,0.0495
3.0060,0.0495
3.0070,0.0494
3.0080,0.0494
3.0090,0.0493
3.0100,0.0493
3.0110,0.0492
3.0120,0.0492
3.0130,0.0491
3.0140,0.0491
3.0150,0.0490
3.0160,0.0490
3.0170,0.0489
3.0180,0.0489
3.0190,0.0489
3.0200,0.0488
3.0210,0.0488
3.0220,0.0487
3.0230,0.0487
3.0240,0.0486
3.0250,0.0486
3.0260,0.0485
3.0270,0.0485
3.0280,0.0484
3.0290,0.0484
3.0300,0.0483
3.0310,0.0483
3.0320,0.0482
3.0330,0.0482
3.0340,0.0481
3.0350,0.0481
3.0360,0.0480
3.0370,0.0480
3.0380,0.0479
3.0390,0.0479
3.0400,0.0478
3.0410,0.0478
3.0420,0.0477
3.0430,0.0477
3.0440,0.0476
3.0450,0.0476
3.0460,0.0475
3.0470,0.0475
3.0480,0.0475
3.0490,0.0474
3.0500,0.0474
3.0510,0.0473
3.0520,0.0473
3.0530,0.0472
3.0540,0.0472
3.0550,0.0471
3.0560,0.0471
3.0570,0.0470
3.0580,0.0470
3.0590,0.0469
3.0600,0.0469
3.0610,0.0468
3.0620,0.0468
3.0630,0.0467
3.0640,0.0467
3.0650,0.0467
3.0660,0.0466
3.0670,0.0466
3.0680,0.0465
3.0690,0.0465
3.0700,0.0464
3.0710,0.0464
3.0720,0.0463
3.0730,0.0463
3.0740,0.0462
3.0750,0.0462
3.0760,0.0461
3.0770,0.0461
3.0780,0.0461
3.0790,0.0460
3.0800,0.0460
3.0810,0.0459
3.0820,0.0459
3.0830,0.0458
3.0840,0.0458
3.0850,0.0457
3.0860,0.0457
3.0870,0.0456
3.0880,0.0456
3.0890,0.0455
3.0900,0.0455
3.0910,0.0455
3.0920,0.0454
3.0930,0.0454
3.0940,0.0453
3.0950,0.0453
3.0960,0.0452
3.0970,0.0452
3.0980,0.0451
3.0990,0.0451
3.1000,0.0450
3.1010,0.0450
3.1020,0.0450
3.1030,0.0449
3.1040,0.0449
3.1050,0.0448
3.1060,0.0448
3.1070,0.0447
3.1080,0.0447
3.1090,0.0446
3.1100,0.0446
3.1110,0.0446
3.1120,0.0445
3.1130,0.0445
3.1140,0.0444
3.1150,0.0444
3.1160,0.0443
3.1170,0.0443
3.1180,0.0442
3.1190,0.0442
3.1200,0.0442
3.1210,0.0441
3.1220,0.0441
3.1230,0.0440
3.1240,0.0440
3.1250,0.0439
3.1260,0.0439
3.1270,0.0438
3.1280,0.0438
3.1290,0.0438
3.1300,0.0437
3.1310,0.0437
3.1320,0.0436
3.1330,0.0436
3.1340,0.0435
3.1350,0.0435
3.1360,0.0435
3.1370,0.0434
3.1380,0.0434
3.1390,0.0433
3.1400,0.0433
3.1410,0.0432
3.1420,0.0432
3.1430,0.0432
3.1440,0.0431
3.1450,0.0431
3.1460,0.0430
3.1470,0.0430
3.1480,0.0429
3.1490,0.0429
3.1500,0.0429
3.1510,0.0428
3.1520,0.0428
3.1530,0.0427
3.1540,0.0427
3.1550,0.0426
3.1560,0.0426
3.1570,0.0426
3.1580,0.0425
3.1590,0.0425
3.1600,0.0424
3.1610,0.0424
3.1620,0.0423
3.1630,0.0423
3.1640,0.0423
3.1650,0.0422
3.1660,0.0422
3.1670,0.0421
3.1680,0.0421
3.1690,0.0420
3.1700,0.0420
3.1710,0.0420
3.1720,0.0419
3.1730,0.0419
3.1740,0.0418
3.1750,0.0418
3.1760,0.0418
3.1770,0.0417
3.1780,0.0417
3.1790,0.0416
3.1800,0.0416
3.1810,0.0415
3.1820,0.0415
3.1830,0.0415
3.1840,0.0414
3.1850,0.0414
3.1860,0.0413
3.1870,0.0413
3.1880,0.0413
3.1890,0.0412
3.1900,0.0412
3.1910,0.0411
3.1920,0.0411
3.1930,0.0410
3.1940,0.0410
3.1950,0.0410
3.1960,0.0409
3.1970,0.0409
3.1980,0.0408
3.1990,0.0408
3.2000,0.0408
3.2010,0.0407
3.2020,0.0407
3.2030,0.0406
3.2040,0.0406
3.2050,0.0406
3.2060,0.0405
3.2070,0.0405
3.2080,0.0404
3.2090,0.0404
3.2100,0.0404
3.2110,0.0403
3.2120,0.0403
3.2130,0.0402
3.2140,0.0402
3.2150,0.0402
3.2160,0.0401
3.2170,0.0401
3.2180,0.0400
3.2190,0.0400
3.2200,0.0400
3.2210,0.0399
3.2220,0.0399
3.2230,0.0398
3.2240,0.0398
3.2250,0.0398
3.2260,0.0397
3.2270,0.0397
3.2280,0.0396
3.2290,0.0396
3.2300,0.0396
3.2310,0.0395
3.2320,0.0395
3.2330,0.0394
3.2340,0.0394
3.2350,0.0394
3.2360,0.0393
3.2370,0.0393
3.2380,0.0392
3.2390,0.0392
3.2400,0.0392
3.2410,0.0391
3.2420,0.0391
3.2430,0.0390
3.2440,0.0390
3.2450,0.0390
3.2460,0.0389
3.2470,0.0389
3.2480,0.0389
3.2490,0.0388
3.2500,0.0388
3.2510,0.0387
3.2520,0.0387
3.2530,0.0387
3.2540,0.0386
3.2550,0.0386
3.2560,0.0385
3.2570,0.0385
3.2580,0.0385
3.2590,0.0384
3.2600,0.0384
3.2610,0.0384
3.2620,0.0383
3.2630,0.0383
3.2640,0.0382
3.2650,0.0382
3.2660,0.0382
3.2670,0.0381
3.2680,0.0381
3.2690,0.0380
3.2700,0.0380
3.2710,0.0380
3.2720,0.0379
3.2730,0.0379
3.2740,0.0379
3.2750,0.0378
3.2760,0.0378
3.2770,0.0377
3.2780,0.0377
3.2790,0.0377
3.2800,0.0376
3.2810,0.0376
3.2820,0.0376
3.2830,0.0375
3.2840,0.0375
3.2850,0.0374
3.2860,0.0374
3.2870,0.0374
3.2880,0.0373
3.2890,0.0373
3.2900,0.0373
3.2910,0.0372
3.2920,0.0372
3.2930,0.0371
3.2940,0.0371
3.2950,0.0371
3.2960,0.0370
3.2970,0.0370
3.2980,0.0370
3.2990,0.0369
3.3000,0.0369
3.3010,0.0368
3.3020,0.0368
3.3030,0.0368
3.3040,0.0367
3.3050,0.0367
3.3060,0.0367
3.3070,0.0366
3.3080,0.0366
3.3090,0.0366
3.3100,0.0365
3.3110,0.0365
3.3120,0.0364
3.3130,0.0364
3.3140,0.0364
3.3150,0.0363
3.3160,0.0363
3.3170,0.0363
3.3180,0.0362
3.3190,0.0362
3.3200,0.0362
3.3210,0.0361
3.3220,0.0361
3.3230,0.0360
3.3240,0.0360
3.3250,0.0360
3.3260,0.0359
3.3270,0.0359
3.3280,0.0359
3.3290,0.0358
3.3300,0.0358
3.3310,0.0358
3.3320,0.0357
3.3330,0.0357
3.3340,0.0357
3.3350,0.0356
3.3360,0.0356
3.3370,0.0355
3.3380,0.0355
3.3390,0.0355
3.3400,0.0354
3.3410,0.0354
3.3420,0.0354
3.3430,0.0353
3.3440,0.0353
3.3450,0.0353
3.3460,0.0352
3.3470,0.0352
3.3480,0.0352
3.3490,0.0351
3.3500,0.0351
3.3510,0.0350
3.3520,0.0350
3.3530,0.0350
3.3540,0.0349
3.3550,0.0349
3.3560,0.0349
3.3570,0.0348
3.3580,0.0348
3.3590,0.0348
3.3600,0.0347
3.3610,0.0347
3.3620,0.0347
3.3630,0.0346
3.3640,0.0346
3.3650,0.0346
3.3660,0.0345
3.3670,0.0345
3.3680,0.0345
3.3690,0.0344
3.3700,0.0344
3.3710,0.0344
3.3720,0.0343
3.3730,0.0343
3.3740,0.0343
3.3750,0.0342
3.3760,0.0342
3.3770,0.0341
3.3780,0.0341
3.3790,0.0341
3.3800,0.0340
3.3810,0.0340
3.3820,0.0340
3.3830,0.0339
3.3840,0.0339
3.3850,0.0339
3.3860,0.0338
3.3870,0.0338
3.3880,0.0338
3.3890,0.0337
3.3900,0.0337
3.3910,0.0337
3.3920,0.0336
3.3930,0.0336
3.3940,0.0336
3.3950,0.0335
3.3960,0.0335
3.3970,0.0335
3.3980,0.0334
3.3990,0.0334
3.4000,0.0334
3.4010,0.0333
3.4020,0.0333
3.4030,0.0333
3.4040,0.0332
3.4050,0.0332
3.4060,0.0332
3.4070,0.0331
3.4080,0.0331
3.4090,0.0331
3.4100,0.0330
3.4110,0.0330
3.4120,0.0330
3.4130,0.0329
3.4140,0.0329
3.4150,0.0329
3.4160,0.0328
3.4170,0.0328
3.4180,0.0328
3.4190,0.0327
3.4200,0.0327
3.4210,0.0327
3.4220,0.0326
3.4230,0.0326
3.4240,0.0326
3.4250,0.0325
3.4260,0.0325
3.4270,0.0325
3.4280,0.0325
3.4290,0.0324
3.4300,0.0324
3.4310,0.0324
3.4320,0.0323
3.4330,0.0323
3.4340,0.0323
3.4350,0.0322
3.4360,0.0322
3.4370,0.0322
3.4380,0.0321
3.4390,0.0321
3.4400,0.0321
3.4410,0.0320
3.4420,0.0320
3.4430,0.0320
3.4440,0.0319
3.4450,0.0319
3.4460,0.0319
3.4470,0.0318
3.4480,0.0318
3.4490,0.0318
3.4500,0.0317
3.4510,0.0317
3.4520,0.0317
3.4530,0.0317
3.4540,0.0316
3.4550,0.0316
3.4560,0.0316
3.4570,0.0315
3.4580,0.0315
3.4590,0.0315
3.4600,0.0314
3.4610,0.0314
3.4620,0.0314
3.4630,0.0313
3.4640,0.0313
3.4650,0.0313
3.4660,0.0312
3.4670,0.0312
3.4680,0.0312
3.4690,0.0311
3.4700,0.0311
3.4710,0.0311
3.4720,0.0311
3.4730,0.0310
3.4740,0.0310
3.4750,0.0310
3.4760,0.0309
3.4770,0.0309
3.4780,0.0309
3.4790,0.0308
3.4800,0.0308
3.4810,0.0308
3.4820,0.0307
3.4830,0.0307
3.4840,0.0307
3.4850,0.0307
3.4860,0.0306
3.4870,0.0306
3.4880,0.0306
3.4890,0.0305
3.4900,0.0305
3.4910,0.0305
3.4920,0.0304
3.4930,0.0304
3.4940,0.0304
3.4950,0.0303
3.4960,0.0303
3.4970,0.0303
3.4980,0.0303
3.4990,0.0302
3.5000,0.0302
3.5010,0.0302
3.5020,0.0301
3.5030,0.0301
3.5040,0.0301
3.5050,0.0300
3.5060,0.0300
3.5070,0.0300
3.5080,0.0300
3.5090,0.0299
3.5100,0.0299
3.5110,0.0299
3.5120,0.0298
3.5130,0.0298
3.5140,0.0298
3.5150,0.0297
3.5160,0.0297
3.5170,0.0297
3.5180,0.0297
3.5190,0.0296
3.5200,0.0296
3.5210,0.0296
3.5220,0.0295
3.5230,0.0295
3.5240,0.0295
3.5250,0.0295
3.5260,0.0294
3.5270,0.0294
3.5280,0.0294
3.5290,0.0293
3.5300,0.0293
3.5310,0.0293
3.5320,0.0292
3.5330,0.0292
3.5340,0.0292
3.5350,0.0292
3.5360,0.0291
3.5370,0.0291
3.5380,0.0291
3.5390,0.0290
3.5400,0.0290
3.5410,0.0290
3.5420,0.0290
3.5430,0.0289
3.5440,0.0289
3.5450,0.0289
3.5460,0.0288
3.5470,0.0288
3.5480,0.0288
3.5490,0.0288
3.5500,0.0287
3.5510,0.0287
3.5520,0.0287
3.5530,0.0286
3.5540,0.0286
3.5550,0.0286
3.5560,0.0286
3.5570,0.0285
3.5580,0.0285
3.5590,0.0285
3.5600,0.0284
3.5610,0.0284
3.5620,0.0284
3.5630,0.0284
3.5640,0.0283
3.5650,0.0283
3.5660,0.0283
3.5670,0.0282
3.5680,0.0282
3.5690,0.0282
3.5700,0.0282
3.5710,0.0281
3.5720,0.0281
3.5730,0.0281
3.5740,0.0280
3.5750,0.0280
3.5760,0.0280
3.5770,0.0280
3.5780,0.0279
3.5790,0.0279
3.5800,0.0279
3.5810,0.0278
3.5820,0.0278
3.5830,0.0278
3.5840,0.0278
3.5850,0.0277
3.5860,0.0277
3.5870,0.0277
3.5880,0.0277
3.5890,0.0276
3.5900,0.0276
3.5910,0.0276
3.5920,0.0275
3.5930,0.0275
3.5940,0.0275
3.5950,0.0275
3.5960,0.0274
3.5970,0.0274
3.5980,0.0274
3.5990,0.0274
3.6000,0.0273
3.6010,0.0273
3.6020,0.0273
3.6030,0.0272
3.6040,0.0272
3.6050,0.0272
3.6060,0.0272
3.6070,0.0271
3.6080,0.0271
3.6090,0.0271
3.6100,0.0271
3.6110,0.0270
3.6120,0.0270
3.6130,0.0270
3.6140,0.0269
3.6150,0.0269
3.6160,0.0269
3.6170,0.0269
3.6180,0.0268
3.6190,0.0268
3.6200,0.0268
3.6210,0.0268
3.6220,0.0267
3.6230,0.0267
3.6240,0.0267
3.6250,0.0266
3.6260,0.0266
3.6270,0.0266
3.6280,0.0266
3.6290,0.0265
3.6300,0.0265
3.6310,0.0265
3.6320,0.0265
3.6330,0.0264
3.6340,0.0264
3.6350,0.0264
3.6360,0.0264
3.6370,0.0263
3.6380,0.0263
3.6390,0.0263
3.6400,0.0263
3.6410,0.0262
3.6420,0.0262
3.6430,0.0262
3.6440,0.0261
3.6450,0.0261
3.6460,0.0261
3.6470,0.0261
3.6480,0.0260
3.6490,0.0260
3.6500,0.0260
3.6510,0.0260
3.6520,0.0259
3.6530,0.0259
3.6540,0.0259
3.6550,0.0259
3.6560,0.0258
3.6570,0.0258
3.6580,0.0258
3.6590,0.0258
3.6600,0.0257
3.6610,0.0257
3.6620,0.0257
3.6630,0.0257
3.6640,0.0256
3.6650,0.0256
3.6660,0.0256
3.6670,0.0256
3.6680,0.0255
3.6690,0.0255
3.6700,0.0255
3.6710,0.0255
3.6720,0.0254
3.6730,0.0254
3.6740,0.0254
3.6750,0.0253
3.6760,0.0253
3.6770,0.0253
3.6780,0.0253
3.6790,0.0252
3.6800,0.0252
3.6810,0.0252
3.6820,0.0252
3.6830,0.0251
3.6840,0.0251
3.6850,0.0251
3.6860,0.0251
3.6870,0.0250
3.6880,0.0250
3.6890,0.0250
3.6900,0.0250
3.6910,0.0249
3.6920,0.0249
3.6930,0.0249
3.6940,0.0249
3.6950,0.0248
3.6960,0.0248
3.6970,0.0248
3.6980,0.0248
3.6990,0.0247
3.7000,0.0247
3.7010,0.0247
3.7020,0.0247
3.7030,0.0246
3.7040,0.0246
3.7050,0.0246
3.7060,0.0246
3.7070,0.0246
3.7080,0.0245
3.7090,0.0245
3.7100,0.0245
3.7110,0.0245
3.7120,0.0244
3.7130,0.0244
3.7140,0.0244
3.7150,0.0244
3.7160,0.0243
3.7170,0.0243
3.7180,0.0243
3.7190,0.0243
3.7200,0.0242
3.7210,0.0242
3.7220,0.0242
3.7230,0.0242
3.7240,0.0241
3.7250,0.0241
3.7260,0.0241
3.7270,0.0241
3.7280,0.0240
3.7290,0.0240
3.7300,0.0240
3.7310,0.0240
3.7320,0.0239
3.7330,0.0239
3.7340,0.0239
3.7350,0.0239
3.7360,0.0238
3.7370,0.0238
3.7380,0.0238
3.7390,0.0238
3.7400,0.0238
3.7410,0.0237
3.7420,0.0237
3.7430,0.0237
3.7440,0.0237
3.7450,0.0236
3.7460,0.0236
3.7470,0.0236
3.7480,0.0236
3.7490,0.0235
3.7500,0.0235
3.7510,0.0235
3.7520,0.0235
3.7530,0.0234
3.7540,0.0234
3.7550,0.0234
3.7560,0.0234
3.7570,0.0234
3.7580,0.0233
3.7590,0.0233
3.7600,0.0233
3.7610,0.0233
3.7620,0.0232
3.7630,0.0232
3.7640,0.0232
3.7650,0.0232
3.7660,0.0231
3.7670,0.0231
3.7680,0.0231
3.7690,0.0231
3.7700,0.0231
3.7710,0.0230
3.7720,0.0230
3.7730,0.0230
3.7740,0.0230
3.7750,0.0229
3.7760,0.0229
3.7770,0.0229
3.7780,0.0229
3.7790,0.0228
3.7800,0.0228
3.7810,0.0228
3.7820,0.0228
3.7830,0.0228
3.7840,0.0227
3.7850,0.0227
3.7860,0.0227
3.7870,0.0227
3.7880,0.0226
3.7890,0.0226
3.7900,0.0226
3.7910,0.0226
3.7920,0.0226
3.7930,0.0225
3.7940,0.0225
3.7950,0.0225
3.7960,0.0225
3.7970,0.0224
3.7980,0.0224
3.7990,0.0224
3.8000,0.0224
3.8010,0.0223
3.8020,0.0223
3.8030,0.0223
3.8040,0.0223
3.8050,0.0223
3.8060,0.0222
3.8070,0.0222
3.8080,0.0222
3.8090,0.0222
3.8100,0.0221
3.8110,0.0221
3.8120,0.0221
3.8130,0.0221
3.8140,0.0221
3.8150,0.0220
3.8160,0.0220
3.8170,0.0220
3.8180,0.0220
3.8190,0.0219
3.8200,0.0219
3.8210,0.0219
3.8220,0.0219
3.8230,0.0219
3.8240,0.0218
3.8250,0.0218
3.8260,0.0218
3.8270,0.0218
3.8280,0.0218
3.8290,0.0217
3.8300,0.0217
3.8310,0.0217
3.8320,0.0217
3.8330,0.0216
3.8340,0.0216
3.8350,0.0216
3.8360,0.0216
3.8370,0.0216
3.8380,0.0215
3.8390,0.0215
3.8400,0.0215
3.8410,0.0215
3.8420,0.0215
3.8430,0.0214
3.8440,0.0214
3.8450,0.0214
3.8460,0.0214
3.8470,0.0213
3.8480,0.0213
3.8490,0.0213
3.8500,0.0213
3.8510,0.0213
3.8520,0.0212
3.8530,0.0212
3.8540,0.0212
3.8550,0.0212
3.8560,0.0212
3.8570,0.0211
3.8580,0.0211
3.8590,0.0211
3.8600,0.0211
3.8610,0.0210
3.8620,0.0210
3.8630,0.0210
3.8640,0.0210
3.8650,0.0210
3.8660,0.0209
3.8670,0.0209
3.8680,0.0209
3.8690,0.0209
3.8700,0.0209
3.8710,0.0208
3.8720,0.0208
3.8730,0.0208
3.8740,0.0208
3.8750,0.0208
3.8760,0.0207
3.8770,0.0207
3.8780,0.0207
3.8790,0.0207
3.8800,0.0207
3.8810,0.0206
3.8820,0.0206
3.8830,0.0206
3.8840,0.0206
3.8850,0.0205
3.8860,0.0205
3.8870,0.0205
3.8880,0.0205
3.8890,0.0205
3.8900,0.0204
3.8910,0.0204
3.8920,0.0204
3.8930,0.0204
3.8940,0.0204
3.8950,0.0203
3.8960,0.0203
3.8970,0.0203
3.8980,0.0203
3.8990,0.0203
3.9000,0.0202
3.9010,0.0202
3.9020,0.0202
3.9030,0.0202
3.9040,0.0202
3.9050,0.0201
3.9060,0.0201
3.9070,0.0201
3.9080,0.0201
3.9090,0.0201
3.9100,0.0200
3.9110,0.0200
3.9120,0.0200
3.9130,0.0200
3.9140,0.0200
3.9150,0.0199
3.9160,0.0199
3.9170,0.0199
3.9180,0.0199
3.9190,0.0199
3.9200,0.0198
3.9210,0.0198
3.9220,0.0198
3.9230,0.0198
3.9240,0.0198
3.9250,0.0197
3.9260,0.0197
3.9270,0.0197
3.9280,0.0197
3.9290,0.0197
3.9300,0.0196
3.9310,0.0196
3.9320,0.0196
3.9330,0.0196
3.9340,0.0196
3.9350,0.0195
3.9360,0.0195
3.9370,0.0195
3.9380,0.0195
3.9390,0.0195
3.9400,0.0194
3.9410,0.0194
3.9420,0.0194
3.9430,0.0194
3.9440,0.0194
3.9450,0.0194
3.9460,0.0193
3.9470,0.0193
3.9480,0.0193
3.9490,0.0193
3.9500,0.0193
3.9510,0.0192
3.9520,0.0192
3.9530,0.0192
3.9540,0.0192
3.9550,0.0192
3.9560,0.0191
3.9570,0.0191
3.9580,0.0191
3.9590,0.0191
3.9600,0.0191
3.9610,0.0190
3.9620,0.0190
3.9630,0.0190
3.9640,0.0190
3.9650,0.0190
3.9660,0.0189
3.9670,0.0189
3.9680,0.0189
3.9690,0.0189
3.9700,0.0189
3.9710,0.0189
3.9720,0.0188
3.9730,0.0188
3.9740,0.0188
3.9750,0.0188
3.9760,0.0188
3.9770,0.0187
3.9780,0.0187
3.9790,0.0187
3.9800,0.0187
3.9810,0.0187
3.9820,0.0186
3.9830,0.0186
3.9840,0.0186
3.9850,0.0186
3.9860,0.0186
3.9870,0.0186
3.9880,0.0185
3.9890,0.0185
3.9900,0.0185
3.9910,0.0185
3.9920,0.0185
3.9930,0.0184
3.9940,0.0184
3.9950,0.0184
3.9960,0.0184
3.9970,0.0184
3.9980,0.0184
3.9990,0.0183
4.0000,0.0183
4.0010,0.0183
4.0020,0.0183
4.0030,0.0183
4.0040,0.0182
4.0050,0.0182
4.0060,0.0182
4.0070,0.0182
4.0080,0.0182
4.0090,0.0182
4.0100,0.0181
4.0110,0.0181
4.0120,0.0181
4.0130,0.0181
4.0140,0.0181
4.0150,0.0180
4.0160,0.0180
4.0170,0.0180
4.0180,0.0180
4.0190,0.0180
4.0200,0.0180
4.0210,0.0179
4.0220,0.0179
4.0230,0.0179
4.0240,0.0179
4.0250,0.0179
4.0260,0.0178
4.0270,0.0178
4.0280,0.0178
4.0290,0.0178
4.0300,0.0178
4.0310,0.0178
4.0320,0.0177
4.0330,0.0177
4.0340,0.0177
4.0350,0.0177
4.0360,0.0177
4.0370,0.0177
4.0380,0.0176
4.0390,0.0176
4.0400,0.0176
4.0410,0.0176
4.0420,0.0176
4.0430,0.0175
4.0440,0.0175
4.0450,0.0175
4.0460,0.0175
4.0470,0.0175
4.0480,0.0175
4.0490,0.0174
4.0500,0.0174
4.0510,0.0174
4.0520,0.0174
4.0530,0.0174
4.0540,0.0174
4.0550,0.0173
4.0560,0.0173
4.0570,0.0173
4.0580,0.0173
4.0590,0.0173
4.0600,0.0172
4.0610,0.0172
4.0620,0.0172
4.0630,0.0172
4.0640,0.0172
4.0650,0.0172
4.0660,0.0171
4.0670,0.0171
4.0680,0.0171
4.0690,0.0171
4.0700,0.0171
4.0710,0.0171
4.0720,0.0170
4.0730,0.0170
4.0740,0.0170
4.0750,0.0170
4.0760,0.0170
4.0770,0.0170
4.0780,0.0169
4.0790,0.0169
4.0800,0.0169
4.0810,0.0169
4.0820,0.0169
4.0830,0.0169
4.0840,0.0168
4.0850,0.0168
4.0860,0.0168
4.0870,0.0168
4.0880,0.0168
4.0890,0.0168
4.0900,0.0167
4.0910,0.0167
4.0920,0.0167
4.0930,0.0167
4.0940,0.0167
4.0950,0.0167
4.0960,0.0166
4.0970,0.0166
4.0980,0.0166
4.0990,0.0166
4.1000,0.0166
4.1010,0.0166
4.1020,0.0165
4.1030,0.0165
4.1040,0.0165
4.1050,0.0165
4.1060,0.0165
4.1070,0.0165
4.1080,0.0164
4.1090,0.0164
4.1100,0.0164
4.1110,0.0164
4.1120,0.0164
4.1130,0.0164
4.1140,0.0163
4.1150,0.0163
4.1160,0.0163
4.1170,0.0163
4.1180,0.0163
4.1190,0.0163
4.1200,0.0162
4.1210,0.0162
4.1220,0.0162
4.1230,0.0162
4.1240,0.0162
4.1250,0.0162
4.1260,0.0161
4.1270,0.0161
4.1280,0.0161
4.1290,0.0161
4.1300,0.0161
4.1310,0.0161
4.1320,0.0161
4.1330,0.0160
4.1340,0.0160
4.1350,0.0160
4.1360,0.0160
4.1370,0.0160
4.1380,0.0160
4.1390,0.0159
4.1400,0.0159
4.1410,0.0159
4.1420,0.0159
4.1430,0.0159
4.1440,0.0159
4.1450,0.0158
4.1460,0.0158
4.1470,0.0158
4.1480,0.0158
4.1490,0.0158
4.1500,0.0158
4.1510,0.0157
4.1520,0.0157
4.1530,0.0157
4.1540,0.0157
4.1550,0.0157
4.1560,0.0157
4.1570,0.0157
4.1580,0.0156
4.1590,0.0156
4.1600,0.0156
4.1610,0.0156
4.1620,0.0156
4.1630,0.0156
4.1640,0.0155
4.1650,0.0155
4.1660,0.0155
4.1670,0.0155
4.1680,0.0155
4.1690,0.0155
4.1700,0.0155
4.1710,0.0154
4.1720,0.0154
4.1730,0.0154
4.1740,0.0154
4.1750,0.0154
4.1760,0.0154
4.1770,0.0153
4.1780,0.0153
4.1790,0.0153
4.1800,0.0153
4.1810,0.0153
4.1820,0.0153
4.1830,0.0153
4.1840,0.0152
4.1850,0.0152
4.1860,0.0152
4.1870,0.0152
4.1880,0.0152
4.1890,0.0152
4.1900,0.0151
4.1910,0.0151
4.1920,0.0151
4.1930,0.0151
4.1940,0.0151
4.1950,0.0151
4.1960,0.0151
4.1970,0.0150
4.1980,0.0150
4.1990,0.0150
4.2000,0.0150
4.2010,0.0150
4.2020,0.0150
4.2030,0.0150
4.2040,0.0149
4.2050,0.0149
4.2060,0.0149
4.2070,0.0149
4.2080,0.0149
4.2090,0.0149
4.2100,0.0148
4.2110,0.0148
4.2120,0.0148
4.2130,0.0148
4.2140,0.0148
4.2150,0.0148
4.2160,0.0148
4.2170,0.0147
4.2180,0.0147
4.2190,0.0147
4.2200,0.0147
4.2210,0.0147
4.2220,0.0147
4.2230,0.0147
4.2240,0.0146
4.2250,0.0146
4.2260,0.0146
4.2270,0.0146
4.2280,0.0146
4.2290,0.0146
4.2300,0.0146
4.2310,0.0145
4.2320,0.0145
4.2330,0.0145
4.2340,0.0145
4.2350,0.0145
4.2360,0.0145
4.2370,0.0145
4.2380,0.0144
4.2390,0.0144
4.2400,0.0144
4.2410,0.0144
4.2420,0.0144
4.2430,0.0144
4.2440,0.0144
4.2450,0.0143
4.2460,0.0143
4.2470,0.0143
4.2480,0.0143
4.2490,0.0143
4.2500,0.0143
4.2510,0.0142
4.2520,0.0142
4.2530,0.0142
4.2540,0.0142
4.2550,0.0142
4.2560,0.0142
4.2570,0.0142
4.2580,0.0142
4.2590,0.0141
4.2600,0.0141
4.2610,0.0141
4.2620,0.0141
4.2630,0.0141
4.2640,0.0141
4.2650,0.0141
4.2660,0.0140
4.2670,0.0140
4.2680,0.0140
4.2690,0.0140
4.2700,0.0140
4.2710,0.0140
4.2720,0.0140
4.2730,0.0139
4.2740,0.0139
4.2750,0.0139
4.2760,0.0139
4.2770,0.0139
4.2780,0.0139
4.2790,0.0139
4.2800,0.0138
4.2810,0.0138
4.2820,0.0138
4.2830,0.0138
4.2840,0.0138
4.2850,0.0138
4.2860,0.0138
4.2870,0.0137
4.2880,0.0137
4.2890,0.0137
4.2900,0.0137
4.2910,0.0137
4.2920,0.0137
4.2930,0.0137
4.2940,0.0137
4.2950,0.0136
4.2960,0.0136
4.2970,0.0136
4.2980,0.0136
4.2990,0.0136
4.3000,0.0136
4.3010,0.0136
4.3020,0.0135
4.3030,0.0135
4.3040,0.0135
4.3050,0.0135
4.3060,0.0135
4.3070,0.0135
4.3080,0.0135
4.3090,0.0134
4.3100,0.0134
4.3110,0.0134
4.3120,0.0134
4.3130,0.0134
4.3140,0.0134
4.3150,0.0134
4.3160,0.0134
4.3170,0.0133
4.3180,0.0133
4.3190,0.0133
4.3200,0.0133
4.3210,0.0133
4.3220,0.0133
4.3230,0.0133
4.3240,0.0132
4.3250,0.0132
4.3260,0.0132
4.3270,0.0132
4.3280,0.0132
4.3290,0.0132
4.3300,0.0132
4.3310,0.0132
4.3320,0.0131
4.3330,0.0131
4.3340,0.0131
4.3350,0.0131
4.3360,0.0131
4.3370,0.0131
4.3380,0.0131
4.3390,0.0130
4.3400,0.0130
4.3410,0.0130
4.3420,0.0130
4.3430,0.0130
4.3440,0.0130
4.3450,0.0130
4.3460,0.0130
4.3470,0.0129
4.3480,0.0129
4.3490,0.0129
4.3500,0.0129
4.3510,0.0129
4.3520,0.0129
4.3530,0.0129
4.3540,0.0129
4.3550,0.0128
4.3560,0.0128
4.3570,0.0128
4.3580,0.0128
4.3590,0.0128
4.3600,0.0128
4.3610,0.0128
4.3620,0.0128
4.3630,0.0127
4.3640,0.0127
4.3650,0.0127
4.3660,0.0127
4.3670,0.0127
4.3680,0.0127
4.3690,0.0127
4.3700,0.0127
4.3710,0.0126
4.3720,0.0126
4.3730,0.0126
4.3740,0.0126
4.3750,0.0126
4.3760,0.0126
4.3770,0.0126
4.3780,0.0126
4.3790,0.0125
4.3800,0.0125
4.3810,0.0125
4.3820,0.0125
4.3830,0.0125
4.3840,0.0125
4.3850,0.0125
4.3860,0.0125
4.3870,0.0124
4.3880,0.0124
4.3890,0.0124
4.3900,0.0124
4.3910,0.0124
4.3920,0.0124
4.3930,0.0124
4.3940,0.0124
4.3950,0.0123
4.3960,0.0123
4.3970,0.0123
4.3980,0.0123
4.3990,0.0123
4.4000,0.0123
4.4010,0.0123
4.4020,0.0123
4.4030,0.0122
4.4040,0.0122
4.4050,0.0122
4.4060,0.0122
4.4070,0.0122
4.4080,0.0122
4.4090,0.0122
4.4100,0.0122
4.4110,0.0121
4.4120,0.0121
4.4130,0.0121
4.4140,0.0121
4.4150,0.0121
4.4160,0.0121
4.4170,0.0121
4.4180,0.0121
4.4190,0.0120
4.4200,0.0120
4.4210,0.0120
4.4220,0.0120
4.4230,0.0120
4.4240,0.0120
4.4250,0.0120
4.4260,0.0120
4.4270,0.0120
4.4280,0.0119
4.4290,0.0119
4.4300,0.0119
4.4310,0.0119
4.4320,0.0119
4.4330,0.0119
4.4340,0.0119
4.4350,0.0119
4.4360,0.0118
4.4370,0.0118
4.4380,0.0118
4.4390,0.0118
4.4400,0.0118
4.4410,0.0118
4.4420,0.0118
4.4430,0.0118
4.4440,0.0117
4.4450,0.0117
4.4460,0.0117
4.4470,0.0117
4.4480,0.0117
4.4490,0.0117
4.4500,0.0117
4.4510,0.0117
4.4520,0.0117
4.4530,0.0116
4.4540,0.0116
4.4550,0.0116
4.4560,0.0116
4.4570,0.0116
4.4580,0.0116
4.4590,0.0116
4.4600,0.0116
4.4610,0.0116
4.4620,0.0115
4.4630,0.0115
4.4640,0.0115
4.4650,0.0115
4.4660,0.0115
4.4670,0.0115
4.4680,0.0115
4.4690,0.0115
4.4700,0.0114
4.4710,0.0114
4.4720,0.0114
4.4730,0.0114
4.4740,0.0114
4.4750,0.0114
4.4760,0.0114
4.4770,0.0114
4.4780,0.0114
4.4790,0.0113
4.4800,0.0113
4.4810,0.0113
4.4820,0.0113
4.4830,0.0113
4.4840,0.0113
4.4850,0.0113
4.4860,0.0113
4.4870,0.0113
4.4880,0.0112
4.4890,0.0112
4.4900,0.0112
4.4910,0.0112
4.4920,0.0112
4.4930,0.0112
4.4940,0.0112
4.4950,0.0112
4.4960,0.0112
4.4970,0.0111
4.4980,0.0111
4.4990,0.0111
4.5000,0.0111
4.5010,0.0111
4.5020,0.0111
4.5030,0.0111
4.5040,0.0111
4.5050,0.0111
4.5060,0.0110
4.5070,0.0110
4.5080,0.0110
4.5090,0.0110
4.5100,0.0110
4.5110,0.0110
4.5120,0.0110
4.5130,0.0110
4.5140,0.0110
4.5150,0.0109
4.5160,0.0109
4.5170,0.0109
4.5180,0.0109
4.5190,0.0109
4.5200,0.0109
4.5210,0.0109
4.5220,0.0109
4.5230,0.0109
4.5240,0.0108
4.5250,0.0108
4.5260,0.0108
4.5270,0.0108
4.5280,0.0108
4.5290,0.0108
4.5300,0.0108
4.5310,0.0108
4.5320,0.0108
4.5330,0.0107
4.5340,0.0107
4.5350,0.0107
4.5360,0.0107
4.5370,0.0107
4.5380,0.0107
4.5390,0.0107
4.5400,0.0107
4.5410,0.0107
4.5420,0.0107
4.5430,0.0106
4.5440,0.0106
4.5450,0.0106
4.5460,0.0106
4.5470,0.0106
4.5480,0.0106
4.5490,0.0106
4.5500,0.0106
4.5510,0.0106
4.5520,0.0105
4.5530,0.0105
4.5540,0.0105
4.5550,0.0105
4.5560,0.0105
4.5570,0.0105
4.5580,0.0105
4.5590,0.0105
4.5600,0.0105
4.5610,0.0105
4.5620,0.0104
4.5630,0.0104
4.5640,0.0104
4.5650,0.0104
4.5660,0.0104
4.5670,0.0104
4.5680,0.0104
4.5690,0.0104
4.5700,0.0104
4.5710,0.0103
4.5720,0.0103
4.5730,0.0103
4.5740,0.0103
4.5750,0.0103
4.5760,0.0103
4.5770,0.0103
4.5780,0.0103
4.5790,0.0103
4.5800,0.0103
4.5810,0.0102
4.5820,0.0102
4.5830,0.0102
4.5840,0.0102
4.5850,0.0102
4.5860,0.0102
4.5870,0.0102
4.5880,0.0102
4.5890,0.0102
4.5900,0.0102
4.5910,0.0101
4.5920,0.0101
4.5930,0.0101
4.5940,0.0101
4.5950,0.0101
4.5960,0.0101
4.5970,0.0101
4.5980,0.0101
4.5990,0.0101
4.6000,0.0101
4.6010,0.0100
4.6020,0.0100
4.6030,0.0100
4.6040,0.0100
4.6050,0.0100
4.6060,0.0100
4.6070,0.0100
4.6080,0.0100
4.6090,0.0100
4.6100,0.0100
4.6110,0.0099
4.6120,0.0099
4.6130,0.0099
4.6140,0.0099
4.6150,0.0099
4.6160,0.0099
4.6170,0.0099
4.6180,0.0099
4.6190,0.0099
4.6200,0.0099
4.6210,0.0098
4.6220,0.0098
4.6230,0.0098
4.6240,0.0098
4.6250,0.0098
4.6260,0.0098
4.6270,0.0098
4.6280,0.0098
4.6290,0.0098
4.6300,0.0098
4.6310,0.0097
4.6320,0.0097
4.6330,0.0097
4.6340,0.0097
4.6350,0.0097
4.6360,0.0097
4.6370,0.0097
4.6380,0.0097
4.6390,0.0097
4.6400,0.0097
4.6410,0.0096
4.6420,0.0096
4.6430,0.0096
4.6440,0.0096
4.6450,0.0096
4.6460,0.0096
4.6470,0.0096
4.6480,0.0096
4.6490,0.0096
4.6500,0.0096
4.6510,0.0096
4.6520,0.0095
4.6530,0.0095
4.6540,0.0095
4.6550,0.0095
4.6560,0.0095
4.6570,0.0095
4.6580,0.0095
4.6590,0.0095
4.6600,0.0095
4.6610,0.0095
4.6620,0.0094
4.6630,0.0094
4.6640,0.0094
4.6650,0.0094
4.6660,0.0094
4.6670,0.0094
4.6680,0.0094
4.6690,0.0094
4.6700,0.0094
4.6710,0.0094
4.6720,0.0094
4.6730,0.0093
4.6740,0.0093
4.6750,0.0093
4.6760,0.0093
4.6770,0.0093
4.6780,0.0093
4.6790,0.0093
4.6800,0.0093
4.6810,0.0093
4.6820,0.0093
4.6830,0.0093
4.6840,0.0092
4.6850,0.0092
4.6860,0.0092
4.6870,0.0092
4.6880,0.0092
4.6890,0.0092
4.6900,0.0092
4.6910,0.0092
4.6920,0.0092
4.6930,0.0092
4.6940,0.0092
4.6950,0.0091
4.6960,0.0091
4.6970,0.0091
4.6980,0.0091
4.6990,0.0091
4.7000,0.0091
4.7010,0.0091
4.7020,0.0091
4.7030,0.0091
4.7040,0.0091
4.7050,0.0090
4.7060,0.0090
4.7070,0.0090
4.7080,0.0090
4.7090,0.0090
4.7100,0.0090
4.7110,0.0090
4.7120,0.0090
4.7130,0.0090
4.7140,0.0090
4.7150,0.0090
4.7160,0.0090
4.7170,0.0089
4.7180,0.0089
4.7190,0.0089
4.7200,0.0089
4.7210,0.0089
4.7220,0.0089
4.7230,0.0089
4.7240,0.0089
4.7250,0.0089
4.7260,0.0089
4.7270,0.0089
4.7280,0.0088
4.7290,0.0088
4.7300,0.0088
4.7310,0.0088
4.7320,0.0088
4.7330,0.0088
4.7340,0.0088
4.7350,0.0088
4.7360,0.0088
4.7370,0.0088
4.7380,0.0088
4.7390,0.0087
4.7400,0.0087
4.7410,0.0087
4.7420,0.0087
4.7430,0.0087
4.7440,0.0087
4.7450,0.0087
4.7460,0.0087
4.7470,0.0087
4.7480,0.0087
4.7490,0.0087
4.7500,0.0087
4.7510,0.0086
4.7520,0.0086
4.7530,0.0086
4.7540,0.0086
4.7550,0.0086
4.7560,0.0086
4.7570,0.0086
4.7580,0.0086
4.7590,0.0086
4.7600,0.0086
4.7610,0.0086
4.7620,0.0085
4.7630,0.0085
4.7640,0.0085
4.7650,0.0085
4.7660,0.0085
4.7670,0.0085
4.7680,0.0085
4.7690,0.0085
4.7700,0.0085
4.7710,0.0085
4.7720,0.0085
4.7730,0.0085
4.7740,0.0084
4.7750,0.0084
4.7760,0.0084
4.7770,0.0084
4.7780,0.0084
4.7790,0.0084
4.7800,0.0084
4.7810,0.0084
4.7820,0.0084
4.7830,0.0084
4.7840,0.0084
4.7850,0.0084
4.7860,0.0083
4.7870,0.0083
4.7880,0.0083
4.7890,0.0083
4.7900,0.0083
4.7910,0.0083
4.7920,0.0083
4.7930,0.0083
4.7940,0.0083
4.7950,0.0083
4.7960,0.0083
4.7970,0.0083
4.7980,0.0082
4.7990,0.0082
4.8000,0.0082
4.8010,0.0082
4.8020,0.0082
4.8030,0.0082
4.8040,0.0082
4.8050,0.0082
4.8060,0.0082
4.8070,0.0082
4.8080,0.0082
4.8090,0.0082
4.8100,0.0081
4.8110,0.0081
4.8120,0.0081
4.8130,0.0081
4.8140,0.0081
4.8150,0.0081
4.8160,0.0081
4.8170,0.0081
4.8180,0.0081
4.8190,0.0081
4.8200,0.0081
4.8210,0.0081
4.8220,0.0081
4.8230,0.0080
4.8240,0.0080
4.8250,0.0080
4.8260,0.0080
4.8270,0.0080
4.8280,0.0080
4.8290,0.0080
4.8300,0.0080
4.8310,0.0080
4.8320,0.0080
4.8330,0.0080
4.8340,0.0080
4.8350,0.0079
4.8360,0.0079
4.8370,0.0079
4.8380,0.0079
4.8390,0.0079
4.8400,0.0079
4.8410,0.0079
4.8420,0.0079
4.8430,0.0079
4.8440,0.0079
4.8450,0.0079
4.8460,0.0079
4.8470,0.0079
4.8480,0.0078
4.8490,0.0078
4.8500,0.0078
4.8510,0.0078
4.8520,0.0078
4.8530,0.0078
4.8540,0.0078
4.8550,0.0078
4.8560,0.0078
4.8570,0.0078
4.8580,0.0078
4.8590,0.0078
4.8600,0.0078
4.8610,0.0077
4.8620,0.0077
4.8630,0.0077
4.8640,0.0077
4.8650,0.0077
4.8660,0.0077
4.8670,0.0077
4.8680,0.0077
4.8690,0.0077
4.8700,0.0077
4.8710,0.0077
4.8720,0.0077
4.8730,0.0077
4.8740,0.0076
4.8750,0.0076
4.8760,0.0076
4.8770,0.0076
4.8780,0.0076
4.8790,0.0076
4.8800,0.0076
4.8810,0.0076
4.8820,0.0076
4.8830,0.0076
4.8840,0.0076
4.8850,0.0076
4.8860,0.0076
4.8870,0.0075
4.8880,0.0075
4.8890,0.0075
4.8900,0.0075
4.8910,0.0075
4.8920,0.0075
4.8930,0.0075
4.8940,0.0075
4.8950,0.0075
4.8960,0.0075
4.8970,0.0075
4.8980,0.0075
4.8990,0.0075
4.9000,0.0074
4.9010,0.0074
4.9020,0.0074
4.9030,0.0074
4.9040,0.0074
4.9050,0.0074
4.9060,0.0074
4.9070,0.0074
4.9080,0.0074
4.9090,0.0074
4.9100,0.0074
4.9110,0.0074
4.9120,0.0074
4.9130,0.0074
4.9140,0.0073
4.9150,0.0073
4.9160,0.0073
4.9170,0.0073
4.9180,0.0073
4.9190,0.0073
4.9200,0.0073
4.9210,0.0073
4.9220,0.0073
4.9230,0.0073
4.9240,0.0073
4.9250,0.0073
4.9260,0.0073
4.9270,0.0072
4.9280,0.0072
4.9290,0.0072
4.9300,0.0072
4.9310,0.0072
4.9320,0.0072
4.9330,0.0072
4.9340,0.0072
4.9350,0.0072
4.9360,0.0072
4.9370,0.0072
4.9380,0.0072
4.9390,0.0072
4.9400,0.0072
4.9410,0.0071
4.9420,0.0071
4.9430,0.0071
4.9440,0.0071
4.9450,0.0071
4.9460,0.0071
4.9470,0.0071
4.9480,0.0071
4.9490,0.0071
4.9500,0.0071
4.9510,0.0071
4.9520,0.0071
4.9530,0.0071
4.9540,0.0071
4.9550,0.0070
4.9560,0.0070
4.9570,0.0070
4.9580,0.0070
4.9590,0.0070
4.9600,0.0070
4.9610,0.0070
4.9620,0.0070
4.9630,0.0070
4.9640,0.0070
4.9650,0.0070
4.9660,0.0070
4.9670,0.0070
4.9680,0.0070
4.9690,0.0070
4.9700,0.0069
4.9710,0.0069
4.9720,0.0069
4.9730,0.0069
4.9740,0.0069
4.9750,0.0069
4.9760,0.0069
4.9770,0.0069
4.9780,0.0069
4.9790,0.0069
4.9800,0.0069
4.9810,0.0069
4.9820,0.0069
4.9830,0.0069
4.9840,0.0068
4.9850,0.0068
4.9860,0.0068
4.9870,0.0068
4.9880,0.0068
4.9890,0.0068
4.9900,0.0068
4.9910,0.0068
4.9920,0.0068
4.9930,0.0068
4.9940,0.0068
4.9950,0.0068
4.9960,0.0068
4.9970,0.0068
4.9980,0.0068
4.9990,0.0067
5.0000,0.0067
5.0010,0.0067
5.0020,0.0067
5.0030,0.0067
5.0040,0.0067
5.0050,0.0067
5.0060,0.0067
5.0070,0.0067
5.0080,0.0067
5.0090,0.0067
5.0100,0.0067
5.0110,0.0067
5.0120,0.0067
5.0130,0.0067
5.0140,0.0066
5.0150,0.0066
5.0160,0.0066
5.0170,0.0066
5.0180,0.0066
5.0190,0.0066
5.0200,0.0066
5.0210,0.0066
5.0220,0.0066
5.0230,0.0066
5.0240,0.0066
5.0250,0.0066
5.0260,0.0066
5.0270,0.0066
5.0280,0.0066
5.0290,0.0065
5.0300,0.0065
5.0310,0.0065
5.0320,0.0065
5.0330,0.0065
5.0340,0.0065
5.0350,0.0065
5.0360,0.0065
5.0370,0.0065
5.0380,0.0065
5.0390,0.0065
5.0400,0.0065
5.0410,0.0065
5.0420,0.0065
5.0430,0.0065
5.0440,0.0064
5.0450,0.0064
5.0460,0.0064
5.0470,0.0064
5.0480,0.0064
5.0490,0.0064
5.0500,0.0064
5.0510,0.0064
5.0520,0.0064
5.0530,0.0064
5.0540,0.0064
5.0550,0.0064
5.0560,0.0064
5.0570,0.0064
5.0580,0.0064
5.0590,0.0064
5.0600,0.0063
5.0610,0.0063
5.0620,0.0063
5.0630,0.0063
5.0640,0.0063
5.0650,0.0063
5.0660,0.0063
5.0670,0.0063
5.0680,0.0063
5.0690,0.0063
5.0700,0.0063
5.0710,0.0063
5.0720,0.0063
5.0730,0.0063
5.0740,0.0063
5.0750,0.0063
5.0760,0.0062
5.0770,0.0062
5.0780,0.0062
5.0790,0.0062
5.0800,0.0062
5.0810,0.0062
5.0820,0.0062
5.0830,0.0062
5.0840,0.0062
5.0850,0.0062
5.0860,0.0062
5.0870,0.0062
5.0880,0.0062
5.0890,0.0062
5.0900,0.0062
5.0910,0.0062
5.0920,0.0061
5.0930,0.0061
5.0940,0.0061
5.0950,0.0061
5.0960,0.0061
5.0970,0.0061
5.0980,0.0061
5.0990,0.0061
5.1000,0.0061
5.1010,0.0061
5.1020,0.0061
5.1030,0.0061
5.1040,0.0061
5.1050,0.0061
5.1060,0.0061
5.1070,0.0061
5.1080,0.0060
5.1090,0.0060
5.1100,0.0060
5.1110,0.0060
5.1120,0.0060
5.1130,0.0060
5.1140,0.0060
5.1150,0.0060
5.1160,0.0060
5.1170,0.0060
5.1180,0.0060
5.1190,0.0060
5.1200,0.0060
5.1210,0.0060
5.1220,0.0060
5.1230,0.0060
5.1240,0.0060
5.1250,0.0059
5.1260,0.0059
5.1270,0.0059
5.1280,0.0059
5.1290,0.0059
5.1300,0.0059
5.1310,0.0059
5.1320,0.0059
5.1330,0.0059
5.1340,0.0059
5.1350,0.0059
5.1360,0.0059
5.1370,0.0059
5.1380,0.0059
5.1390,0.0059
5.1400,0.0059
5.1410,0.0059
5.1420,0.0058
5.1430,0.0058
5.1440,0.0058
5.1450,0.0058
5.1460,0.0058
5.1470,0.0058
5.1480,0.0058
5.1490,0.0058
5.1500,0.0058
5.1510,0.0058
5.1520,0.0058
5.1530,0.0058
5.1540,0.0058
5.1550,0.0058
5.1560,0.0058
5.1570,0.0058
5.1580,0.0058
5.1590,0.0057
5.1600,0.0057
5.1610,0.0057
5.1620,0.0057
5.1630,0.0057
5.1640,0.0057
5.1650,0.0057
5.1660,0.0057
5.1670,0.0057
5.1680,0.0057
5.1690,0.0057
5.1700,0.0057
5.1710,0.0057
5.1720,0.0057
5.1730,0.0057
5.1740,0.0057
5.1750,0.0057
5.1760,0.0057
5.1770,0.0056
5.1780,0.0056
5.1790,0.0056
5.1800,0.0056
5.1810,0.0056
5.1820,0.0056
5.1830,0.0056
5.1840,0.0056
5.1850,0.0056
5.1860,0.0056
5.1870,0.0056
5.1880,0.0056
5.1890,0.0056
5.1900,0.0056
5.1910,0.0056
5.1920,0.0056
5.1930,0.0056
5.1940,0.0055
5.1950,0.0055
5.1960,0.0055
5.1970,0.0055
5.1980,0.0055
5.1990,0.0055
5.2000,0.0055
5.2010,0.0055
5.2020,0.0055
5.2030,0.0055
5.2040,0.0055
5.2050,0.0055
5.2060,0.0055
5.2070,0.0055
5.2080,0.0055
5.2090,0.0055
5.2100,0.0055
5.2110,0.0055
5.2120,0.0055
5.2130,0.0054
5.2140,0.0054
5.2150,0.0054
5.2160,0.0054
5.2170,0.0054
5.2180,0.0054
5.2190,0.0054
5.2200,0.0054
5.2210,0.0054
5.2220,0.0054
5.2230,0.0054
5.2240,0.0054
5.2250,0.0054
5.2260,0.0054
5.2270,0.0054
5.2280,0.0054
5.2290,0.0054
5.2300,0.0054
5.2310,0.0053
5.2320,0.0053
5.2330,0.0053
5.2340,0.0053
5.2350,0.0053
5.2360,0.0053
5.2370,0.0053
5.2380,0.0053
5.2390,0.0053
5.2400,0.0053
5.2410,0.0053
5.2420,0.0053
5.2430,0.0053
5.2440,0.0053
5.2450,0.0053
5.2460,0.0053
5.2470,0.0053
5.2480,0.0053
5.2490,0.0053
5.2500,0.0052
5.2510,0.0052
5.2520,0.0052
5.2530,0.0052
5.2540,0.0052
5.2550,0.0052
5.2560,0.0052
5.2570,0.0052
5.2580,0.0052
5.2590,0.0052
5.2600,0.0052
5.2610,0.0052
5.2620,0.0052
5.2630,0.0052
5.2640,0.0052
5.2650,0.0052
5.2660,0.0052
5.2670,0.0052
5.2680,0.0052
5.2690,0.0051
5.2700,0.0051
5.2710,0.0051
5.2720,0.0051
5.2730,0.0051
5.2740,0.0051
5.2750,0.0051
5.2760,0.0051
5.2770,0.0051
5.2780,0.0051
5.2790,0.0051
5.2800,0.0051
5.2810,0.0051
5.2820,0.0051
5.2830,0.0051
5.2840,0.0051
5.2850,0.0051
5.2860,0.0051
5.2870,0.0051
5.2880,0.0051
5.2890,0.0050
5.2900,0.0050
5.2910,0.0050
5.2920,0.0050
5.2930,0.0050
5.2940,0.0050
5.2950,0.0050
5.2960,0.0050
5.2970,0.0050
5.2980,0.0050
5.2990,0.0050
5.3000,0.0050
5.3010,0.0050
5.3020,0.0050
5.3030,0.0050
5.3040,0.0050
5.3050,0.0050
5.3060,0.0050
5.3070,0.0050
5.3080,0.0050
5.3090,0.0049
5.3100,0.0049
5.3110,0.0049
5.3120,0.0049
5.3130,0.0049
5.3140,0.0049
5.3150,0.0049
5.3160,0.0049
5.3170,0.0049
5.3180,0.0049
5.3190,0.0049
5.3200,0.0049
5.3210,0.0049
5.3220,0.0049
5.3230,0.0049
5.3240,0.0049
5.3250,0.0049
5.3260,0.0049
5.3270,0.0049
5.3280,0.0049
5.3290,0.0048
5.3300,0.0048
5.3310,0.0048
5.3320,0.0048
5.3330,0.0048
5.3340,0.0048
5.3350,0.0048
5.3360,0.0048
5.3370,0.0048
5.3380,0.0048
5.3390,0.0048
5.3400,0.0048
5.3410,0.0048
5.3420,0.0048
5.3430,0.0048
5.3440,0.0048
5.3450,0.0048
5.3460,0.0048
5.3470,0.0048
5.3480,0.0048
5.3490,0.0048
5.3500,0.0047
5.3510,0.0047
5.3520,0.0047
5.3530,0.0047
5.3540,0.0047
5.3550,0.0047
5.3560,0.0047
5.3570,0.0047
5.3580,0.0047
5.3590,0.0047
5.3600,0.0047
5.3610,0.0047
5.3620,0.0047
5.3630,0.0047
5.3640,0.0047
5.3650,0.0047
5.3660,0.0047
5.3670,0.0047
5.3680,0.0047
5.3690,0.0047
5.3700,0.0047
5.3710,0.0046
5.3720,0.0046
5.3730,0.0046
5.3740,0.0046
5.3750,0.0046
5.3760,0.0046
5.3770,0.0046
5.3780,0.0046
5.3790,0.0046
5.3800,0.0046
5.3810,0.0046
5.3820,0.0046
5.3830,0.0046
5.3840,0.0046
5.3850,0.0046
5.3860,0.0046
5.3870,0.0046
5.3880,0.0046
5.3890,0.0046
5.3900,0.0046
5.3910,0.0046
5.3920,0.0046
5.3930,0.0045
5.3940,0.0045
5.3950,0.0045
5.3960,0.0045
5.3970,0.0045
5.3980,0.0045
5.3990,0.0045
5.4000,0.0045
5.4010,0.0045
5.4020,0.0045
5.4030,0.0045
5.4040,0.0045
5.4050,0.0045
5.4060,0.0045
5.4070,0.0045
5.4080,0.0045
5.4090,0.0045
5.4100,0.0045
5.4110,0.0045
5.4120,0.0045
5.4130,0.0045
5.4140,0.0045
5.4150,0.0044
5.4160,0.0044
5.4170,0.0044
5.4180,0.0044
5.4190,0.0044
5.4200,0.0044
5.4210,0.0044
5.4220,0.0044
5.4230,0.0044
5.4240,0.0044
5.4250,0.0044
5.4260,0.0044
5.4270,0.0044
5.4280,0.0044
5.4290,0.0044
5.4300,0.0044
5.4310,0.0044
5.4320,0.0044
5.4330,0.0044
5.4340,0.0044
5.4350,0.0044
5.4360,0.0044
5.4370,0.0044
5.4380,0.0043
5.4390,0.0043
5.4400,0.0043
5.4410,0.0043
5.4420,0.0043
5.4430,0.0043
5.4440,0.0043
5.4450,0.0043
5.4460,0.0043
5.4470,0.0043
5.4480,0.0043
5.4490,0.0043
5.4500,0.0043
5.4510,0.0043
5.4520,0.0043
5.4530,0.0043
5.4540,0.0043
5.4550,0.0043
5.4560,0.0043
5.4570,0.0043
5.4580,0.0043
5.4590,0.0043
5.4600,0.0043
5.4610,0.0042
5.4620,0.0042
5.4630,0.0042
5.4640,0.0042
5.4650,0.0042
5.4660,0.0042
5.4670,0.0042
5.4680,0.0042
5.4690,0.0042
5.4700,0.0042
5.4710,0.0042
5.4720,0.0042
5.4730,0.0042
5.4740,0.0042
5.4750,0.0042
5.4760,0.0042
5.4770,0.0042
5.4780,0.0042
5.4790,0.0042
5.4800,0.0042
5.4810,0.0042
5.4820,0.0042
5.4830,0.0042
5.4840,0.0042
5.4850,0.0041
5.4860,0.0041
5.4870,0.0041
5.4880,0.0041
5.4890,0.0041
5.4900,0.0041
5.4910,0.0041
5.4920,0.0041
5.4930,0.0041
5.4940,0.0041
5.4950,0.0041
5.4960,0.0041
5.4970,0.0041
5.4980,0.0041
5.4990,0.0041
