t,if,il,vl
-1.0000,5.0000,5.0000,0.0000
-0.9900,5.0000,5.0000,0.0000
-0.9800,5.0000,5.0000,0.0000
-0.9700,5.0000,5.0000,0.0000
-0.9600,5.0000,5.0000,0.0000
-0.9500,5.0000,5.0000,0.0000
-0.9400,5.0000,5.0000,0.0000
-0.9300,5.0000,5.0000,0.0000
-0.9200,5.0000,5.0000,0.0000
-0.9100,5.0000,5.0000,0.0000
-0.9000,5.0000,5.0000,0.0000
-0.8900,5.0000,5.0000,0.0000
-0.8800,5.0000,5.0000,0.0000
-0.8700,5.0000,5.0000,0.0000
-0.8600,5.0000,5.0000,0.0000
-0.8500,5.0000,5.0000,0.0000
-0.8400,5.0000,5.0000,0.0000
-0.8300,5.0000,5.0000,0.0000
-0.8200,5.0000,5.0000,0.0000
-0.8100,5.0000,5.0000,0.0000
-0.8000,5.0000,5.0000,0.0000
-0.7900,5.0000,5.0000,0.0000
-0.7800,5.0000,5.0000,0.0000
-0.7700,5.0000,5.0000,0.0000
-0.7600,5.0000,5.0000,0.0000
-0.7500,5.0000,5.0000,0.0000
-0.7400,5.0000,5.0000,0.0000
-0.7300,5.0000,5.0000,0.0000
-0.7200,5.0000,5.0000,0.0000
-0.7100,5.0000,5.0000,0.0000
-0.7000,5.0000,5.0000,0.0000
-0.6900,5.0000,5.0000,0.0000
-0.6800,5.0000,5.0000,0.0000
-0.6700,5.0000,5.0000,0.0000
-0.6600,5.0000,5.0000,0.0000
-0.6500,5.0000,5.0000,0.0000
-0.6400,5.0000,5.0000,0.0000
-0.6300,5.0000,5.0000,0.0000
-0.6200,5.0000,5.0000,0.0000
-0.6100,5.0000,5.0000,0.0000
-0.6000,5.0000,5.0000,0.0000
-0.5900,5.0000,5.0000,0.0000
-0.5800,5.0000,5.0000,0.0000
-0.5700,5.0000,5.0000,0.0000
-0.5600,5.0000,5.0000,0.0000
-0.5500,5.0000,5.0000,0.0000
-0.5400,5.0000,5.0000,0.0000
-0.5300,5.0000,5.0000,0.0000
-0.5200,5.0000,5.0000,0.0000
-0.5100,5.0000,5.0000,0.0000
-0.5000,5.0000,5.0000,0.0000
-0.4900,5.0000,5.0000,0.0000
-0.4800,5.0000,5.0000,0.0000
-0.4700,5.0000,5.0000,0.0000
-0.4600,5.0000,5.0000,0.0000
-0.4500,5.0000,5.0000,0.0000
-0.4400,5.0000,5.0000,0.0000
-0.4300,5.0000,5.0000,0.0000
-0.4200,5.0000,5.0000,0.0000
-0.4100,5.0000,5.0000,0.0000
-0.4000,5.0000,5.0000,0.0000
-0.3900,5.0000,5.0000,0.0000
-0.3800,5.0000,5.0000,0.0000
-0.3700,5.0000,5.0000,0.0000
-0.3600,5.0000,5.0000,0.0000
-0.3500,5.0000,5.0000,0.0000
-0.3400,5.0000,5.0000,0.0000
-0.3300,5.0000,5.0000,0.0000
-0.3200,5.0000,5.0000,0.0000
-0.3100,5.0000,5.0000,0.0000
-0.3000,5.0000,5.0000,0.0000
-0.2900,5.0000,5.0000,0.0000
-0.2800,5.0000,5.0000,0.0000
-0.2700,5.0000,5.0000,0.0000
-0.2600,5.0000,5.0000,0.0000
-0.2500,5.0000,5.0000,0.0000
-0.2400,5.0000,5.0000,0.0000
-0.2300,5.0000,5.0000,0.0000
-0.2200,5.0000,5.0000,0.0000
-0.2100,5.0000,5.0000,0.0000
-0.2000,5.0000,5.0000,0.0000
-0.1900,5.0000,5.0000,0.0000
-0.1800,5.0000,5.0000,0.0000
-0.1700,5.0000,5.0000,0.0000
-0.1600,5.0000,5.0000,0.0000
-0.1500,5.0000,5.0000,0.0000
-0.1400,5.0000,5.0000,0.0000
-0.1300,5.0000,5.0000,0.0000
-0.1200,5.0000,5.0000,0.0000
-0.1100,5.0000,5.0000,0.0000
-0.1000,5.0000,5.0000,0.0000
-0.0900,5.0000,5.0000,0.0000
-0.0800,5.0000,5.0000,0.0000
-0.0700,5.0000,5.0000,0.0000
-0.0600,5.0000,5.0000,0.0000
-0.0500,5.0000,5.0000,0.0000
-0.0400,5.0000,5.0000,0.0000
-0.0300,5.0000,5.0000,0.0000
-0.0200,5.0000,5.0000,0.0000
-0.0100,5.0000,5.0000,0.0000
0.0000,5.0000,5.0000,0.0000
0.0100,5.0000,5.0000,0.0000
0.0200,5.0000,5.0000,0.0000
0.0300,5.0000,5.0000,0.0000
0.0400,5.0000,5.0000,0.0000
0.0500,5.0000,5.0000,0.0000
0.0600,5.0000,5.0000,0.0000
0.0700,5.0000,5.0000,0.0000
0.0800,5.0000,5.0000,0.0000
0.0900,5.0000,5.0000,0.0000
0.1000,5.0000,5.0000,0.0000
0.1100,5.0000,5.0000,0.0000
0.1200,5.0000,5.0000,0.0000
0.1300,5.0000,5.0000,0.0000
0.1400,5.0000,5.0000,0.0000
0.1500,5.0000,5.0000,0.0000
0.1600,5.0000,5.0000,0.0000
0.1700,5.0000,5.0000,0.0000
0.1800,5.0000,5.0000,0.0000
0.1900,5.0000,5.0000,0.0000
0.2000,5.0000,5.0000,0.0000
0.2100,5.0000,5.0000,0.0000
0.2200,5.0000,5.0000,0.0000
0.2300,5.0000,5.0000,0.0000
0.2400,5.0000,5.0000,0.0000
0.2500,5.0000,5.0000,0.0000
0.2600,5.0000,5.0000,0.0000
0.2700,5.0000,5.0000,0.0000
0.2800,5.0000,5.0000,0.0000
0.2900,5.0000,5.0000,0.0000
0.3000,5.0000,5.0000,0.0000
0.3100,5.0000,5.0000,0.0000
0.3200,5.0000,5.0000,0.0000
0.3300,5.0000,5.0000,0.0000
0.3400,5.0000,5.0000,0.0000
0.3500,5.0000,5.0000,0.0000
0.3600,5.0000,5.0000,0.0000
0.3700,5.0000,5.0000,0.0000
0.3800,5.0000,5.0000,0.0000
0.3900,5.0000,5.0000,0.0000
0.4000,5.0000,5.0000,0.0000
0.4100,5.0000,5.0000,0.0000
0.4200,5.0000,5.0000,0.0000
0.4300,5.0000,5.0000,0.0000
0.4400,5.0000,5.0000,0.0000
0.4500,5.0000,5.0000,0.0000
0.4600,5.0000,5.0000,0.0000
0.4700,5.0000,5.0000,0.0000
0.4800,5.0000,5.0000,0.0000
0.4900,5.0000,5.0000,0.0000
0.5000,5.0000,5.0000,0.0000
0.5100,5.0000,5.0000,0.0000
0.5200,5.0000,5.0000,0.0000
0.5300,5.0000,5.0000,0.0000
0.5400,5.0000,5.0000,0.0000
0.5500,5.0000,5.0000,0.0000
0.5600,5.0000,5.0000,0.0000
0.5700,5.0000,5.0000,0.0000
0.5800,5.0000,5.0000,0.0000
0.5900,5.0000,5.0000,0.0000
0.6000,5.0000,5.0000,0.0000
0.6100,5.0000,5.0000,0.0000
0.6200,5.0000,5.0000,0.0000
0.6300,5.0000,5.0000,0.0000
0.6400,5.0000,5.0000,0.0000
0.6500,5.0000,5.0000,0.0000
0.6600,5.0000,5.0000,0.0000
0.6700,5.0000,5.0000,0.0000
0.6800,5.0000,5.0000,0.0000
0.6900,5.0000,5.0000,0.0000
0.7000,5.0000,5.0000,0.0000
0.7100,5.0000,5.0000,0.0000
0.7200,5.0000,5.0000,0.0000
0.7300,5.0000,5.0000,0.0000
0.7400,5.0000,5.0000,0.0000
0.7500,5.0000,5.0000,0.0000
0.7600,5.0000,5.0000,0.0000
0.7700,5.0000,5.0000,0.0000
0.7800,5.0000,5.0000,0.0000
0.7900,5.0000,5.0000,0.0000
0.8000,5.0000,5.0000,0.0000
0.8100,5.0000,5.0000,0.0000
0.8200,5.0000,5.0000,0.0000
0.8300,5.0000,5.0000,0.0000
0.8400,5.0000,5.0000,0.0000
0.8500,5.0000,5.0000,0.0000
0.8600,5.0000,5.0000,0.0000
0.8700,5.0000,5.0000,0.0000
0.8800,5.0000,5.0000,0.0000
0.8900,5.0000,5.0000,0.0000
0.9000,5.0000,5.0000,0.0000
0.9100,5.0000,5.0000,0.0000
0.9200,5.0000,5.0000,0.0000
0.9300,5.0000,5.0000,0.0000
0.9400,5.0000,5.0000,0.0000
0.9500,5.0000,5.0000,0.0000
0.9600,5.0000,5.0000,0.0000
0.9700,5.0000,5.0000,0.0000
0.9800,5.0000,5.0000,0.0000
0.9900,5.0000,5.0000,0.0000
1.0000,10.0000,5.0000,5.0000
1.0100,10.0000,5.0498,4.9502
1.0200,10.0000,5.0990,4.9010
1.0300,10.0000,5.1478,4.8522
1.0400,10.0000,5.1961,4.8039
1.0500,10.0000,5.2439,4.7561
1.0600,10.0000,5.2912,4.7088
1.0700,10.0000,5.3380,4.6620
1.0800,10.0000,5.3844,4.6156
1.0900,10.0000,5.4303,4.5697
1.1000,10.0000,5.4758,4.5242
1.1100,10.0000,5.5208,4.4792
1.1200,10.0000,5.5654,4.4346
1.1300,10.0000,5.6095,4.3905
1.1400,10.0000,5.6532,4.3468
1.1500,10.0000,5.6965,4.3035
1.1600,10.0000,5.7393,4.2607
1.1700,10.0000,5.7817,4.2183
1.1800,10.0000,5.8236,4.1764
1.1900,10.0000,5.8652,4.1348
1.2000,10.0000,5.9063,4.0937
1.2100,10.0000,5.9471,4.0529
1.2200,10.0000,5.9874,4.0126
1.2300,10.0000,6.0273,3.9727
1.2400,10.0000,6.0669,3.9331
1.2500,10.0000,6.1060,3.8940
1.2600,10.0000,6.1447,3.8553
1.2700,10.0000,6.1831,3.8169
1.2800,10.0000,6.2211,3.7789
1.2900,10.0000,6.2587,3.7413
1.3000,10.0000,6.2959,3.7041
1.3100,10.0000,6.3328,3.6672
1.3200,10.0000,6.3693,3.6307
1.3300,10.0000,6.4054,3.5946
1.3400,10.0000,6.4411,3.5589
1.3500,10.0000,6.4766,3.5234
1.3600,10.0000,6.5116,3.4884
1.3700,10.0000,6.5463,3.4537
1.3800,10.0000,6.5807,3.4193
1.3900,10.0000,6.6147,3.3853
1.4000,10.0000,6.6484,3.3516
1.4100,10.0000,6.6817,3.3183
1.4200,10.0000,6.7148,3.2852
1.4300,10.0000,6.7475,3.2525
1.4400,10.0000,6.7798,3.2202
1.4500,10.0000,6.8119,3.1881
1.4600,10.0000,6.8436,3.1564
1.4700,10.0000,6.8750,3.1250
1.4800,10.0000,6.9061,3.0939
1.4900,10.0000,6.9369,3.0631
1.5000,10.0000,6.9673,3.0327
1.5100,10.0000,6.9975,3.0025
1.5200,10.0000,7.0274,2.9726
1.5300,10.0000,7.0570,2.9430
1.5400,10.0000,7.0863,2.9137
1.5500,10.0000,7.1153,2.8847
1.5600,10.0000,7.1440,2.8560
1.5700,10.0000,7.1724,2.8276
1.5800,10.0000,7.2005,2.7995
1.5900,10.0000,7.2284,2.7716
1.6000,10.0000,7.2559,2.7441
1.6100,10.0000,7.2832,2.7168
1.6200,10.0000,7.3103,2.6897
1.6300,10.0000,7.3370,2.6630
1.6400,10.0000,7.3635,2.6365
1.6500,10.0000,7.3898,2.6102
1.6600,10.0000,7.4157,2.5843
1.6700,10.0000,7.4415,2.5585
1.6800,10.0000,7.4669,2.5331
1.6900,10.0000,7.4921,2.5079
1.7000,10.0000,7.5171,2.4829
1.7100,10.0000,7.5418,2.4582
1.7200,10.0000,7.5662,2.4338
1.7300,10.0000,7.5905,2.4095
1.7400,10.0000,7.6144,2.3856
1.7500,10.0000,7.6382,2.3618
1.7600,10.0000,7.6617,2.3383
1.7700,10.0000,7.6849,2.3151
1.7800,10.0000,7.7080,2.2920
1.7900,10.0000,7.7308,2.2692
1.8000,10.0000,7.7534,2.2466
1.8100,10.0000,7.7757,2.2243
1.8200,10.0000,7.7978,2.2022
1.8300,10.0000,7.8198,2.1802
1.8400,10.0000,7.8414,2.1586
1.8500,10.0000,7.8629,2.1371
1.8600,10.0000,7.8842,2.1158
1.8700,10.0000,7.9052,2.0948
1.8800,10.0000,7.9261,2.0739
1.8900,10.0000,7.9467,2.0533
1.9000,10.0000,7.9672,2.0328
1.9100,10.0000,7.9874,2.0126
1.9200,10.0000,8.0074,1.9926
1.9300,10.0000,8.0272,1.9728
1.9400,10.0000,8.0469,1.9531
1.9500,10.0000,8.0663,1.9337
1.9600,10.0000,8.0855,1.9145
1.9700,10.0000,8.1046,1.8954
1.9800,10.0000,8.1234,1.8766
1.9900,10.0000,8.1421,1.8579
2.0000,10.0000,8.1606,1.8394
2.0100,10.0000,8.1789,1.8211
2.0200,10.0000,8.1970,1.8030
2.0300,10.0000,8.2150,1.7850
2.0400,10.0000,8.2327,1.7673
2.0500,10.0000,8.2503,1.7497
2.0600,10.0000,8.2677,1.7323
2.0700,10.0000,8.2850,1.7150
2.0800,10.0000,8.3020,1.6980
2.0900,10.0000,8.3189,1.6811
2.1000,10.0000,8.3356,1.6644
2.1100,10.0000,8.3522,1.6478
2.1200,10.0000,8.3686,1.6314
2.1300,10.0000,8.3848,1.6152
2.1400,10.0000,8.4009,1.5991
2.1500,10.0000,8.4168,1.5832
2.1600,10.0000,8.4326,1.5674
2.1700,10.0000,8.4482,1.5518
2.1800,10.0000,8.4636,1.5364
2.1900,10.0000,8.4789,1.5211
2.2000,10.0000,8.4940,1.5060
2.2100,10.0000,8.5090,1.4910
2.2200,10.0000,8.5238,1.4762
2.2300,10.0000,8.5385,1.4615
2.2400,10.0000,8.5531,1.4469
2.2500,10.0000,8.5675,1.4325
2.2600,10.0000,8.5817,1.4183
2.2700,10.0000,8.5958,1.4042
2.2800,10.0000,8.6098,1.3902
2.2900,10.0000,8.6236,1.3764
2.3000,10.0000,8.6373,1.3627
2.3100,10.0000,8.6509,1.3491
2.3200,10.0000,8.6643,1.3357
2.3300,10.0000,8.6776,1.3224
2.3400,10.0000,8.6908,1.3092
2.3500,10.0000,8.7038,1.2962
2.3600,10.0000,8.7167,1.2833
2.3700,10.0000,8.7295,1.2705
2.3800,10.0000,8.7421,1.2579
2.3900,10.0000,8.7546,1.2454
2.4000,10.0000,8.7670,1.2330
2.4100,10.0000,8.7793,1.2207
2.4200,10.0000,8.7914,1.2086
2.4300,10.0000,8.8035,1.1965
2.4400,10.0000,8.8154,1.1846
2.4500,10.0000,8.8271,1.1729
2.4600,10.0000,8.8388,1.1612
2.4700,10.0000,8.8504,1.1496
2.4800,10.0000,8.8618,1.1382
2.4900,10.0000,8.8731,1.1269
2.5000,10.0000,8.8843,1.1157
2.5100,10.0000,8.8955,1.1045
2.5200,10.0000,8.9064,1.0936
2.5300,10.0000,8.9173,1.0827
2.5400,10.0000,8.9281,1.0719
2.5500,10.0000,8.9388,1.0612
2.5600,10.0000,8.9493,1.0507
2.5700,10.0000,8.9598,1.0402
2.5800,10.0000,8.9701,1.0299
2.5900,10.0000,8.9804,1.0196
2.6000,10.0000,8.9905,1.0095
2.6100,10.0000,9.0006,0.9994
2.6200,10.0000,9.0105,0.9895
2.6300,10.0000,9.0204,0.9796
2.6400,10.0000,9.0301,0.9699
2.6500,10.0000,9.0398,0.9602
2.6600,10.0000,9.0493,0.9507
2.6700,10.0000,9.0588,0.9412
2.6800,10.0000,9.0681,0.9319
2.6900,10.0000,9.0774,0.9226
2.7000,10.0000,9.0866,0.9134
2.7100,10.0000,9.0957,0.9043
2.7200,10.0000,9.1047,0.8953
2.7300,10.0000,9.1136,0.8864
2.7400,10.0000,9.1224,0.8776
2.7500,10.0000,9.1311,0.8689
2.7600,10.0000,9.1398,0.8602
2.7700,10.0000,9.1483,0.8517
2.7800,10.0000,9.1568,0.8432
2.7900,10.0000,9.1652,0.8348
2.8000,10.0000,9.1735,0.8265
2.8100,10.0000,9.1817,0.8183
2.8200,10.0000,9.1899,0.8101
2.8300,10.0000,9.1979,0.8021
2.8400,10.0000,9.2059,0.7941
2.8500,10.0000,9.2138,0.7862
2.8600,10.0000,9.2216,0.7784
2.8700,10.0000,9.2294,0.7706
2.8800,10.0000,9.2370,0.7630
2.8900,10.0000,9.2446,0.7554
2.9000,10.0000,9.2522,0.7478
2.9100,10.0000,9.2596,0.7404
2.9200,10.0000,9.2670,0.7330
2.9300,10.0000,9.2743,0.7257
2.9400,10.0000,9.2815,0.7185
2.9500,10.0000,9.2886,0.7114
2.9600,10.0000,9.2957,0.7043
2.9700,10.0000,9.3027,0.6973
2.9800,10.0000,9.3097,0.6903
2.9900,10.0000,9.3165,0.6835
3.0000,10.0000,9.3233,0.6767
3.0100,10.0000,9.3301,0.6699
3.0200,10.0000,9.3367,0.6633
3.0300,10.0000,9.3433,0.6567
3.0400,10.0000,9.3499,0.6501
3.0500,10.0000,9.3563,0.6437
3.0600,10.0000,9.3627,0.6373
3.0700,10.0000,9.3691,0.6309
3.0800,10.0000,9.3753,0.6247
3.0900,10.0000,9.3816,0.6184
3.1000,10.0000,9.3877,0.6123
3.1100,10.0000,9.3938,0.6062
3.1200,10.0000,9.3998,0.6002
3.1300,10.0000,9.4058,0.5942
3.1400,10.0000,9.4117,0.5883
3.1500,10.0000,9.4176,0.5824
3.1600,10.0000,9.4234,0.5766
3.1700,10.0000,9.4291,0.5709
3.1800,10.0000,9.4348,0.5652
3.1900,10.0000,9.4404,0.5596
3.2000,10.0000,9.4460,0.5540
3.2100,10.0000,9.4515,0.5485
3.2200,10.0000,9.4570,0.5430
3.2300,10.0000,9.4624,0.5376
3.2400,10.0000,9.4677,0.5323
3.2500,10.0000,9.4730,0.5270
3.2600,10.0000,9.4782,0.5218
3.2700,10.0000,9.4834,0.5166
3.2800,10.0000,9.4886,0.5114
3.2900,10.0000,9.4937,0.5063
3.3000,10.0000,9.4987,0.5013
3.3100,10.0000,9.5037,0.4963
3.3200,10.0000,9.5086,0.4914
3.3300,10.0000,9.5135,0.4865
3.3400,10.0000,9.5184,0.4816
3.3500,10.0000,9.5232,0.4768
3.3600,10.0000,9.5279,0.4721
3.3700,10.0000,9.5326,0.4674
3.3800,10.0000,9.5372,0.4628
3.3900,10.0000,9.5419,0.4581
3.4000,10.0000,9.5464,0.4536
3.4100,10.0000,9.5509,0.4491
3.4200,10.0000,9.5554,0.4446
3.4300,10.0000,9.5598,0.4402
3.4400,10.0000,9.5642,0.4358
3.4500,10.0000,9.5685,0.4315
3.4600,10.0000,9.5728,0.4272
3.4700,10.0000,9.5771,0.4229
3.4800,10.0000,9.5813,0.4187
3.4900,10.0000,9.5855,0.4145
3.5000,10.0000,9.5896,0.4104
3.5100,10.0000,9.5937,0.4063
3.5200,10.0000,9.5977,0.4023
3.5300,10.0000,9.6017,0.3983
3.5400,10.0000,9.6057,0.3943
3.5500,10.0000,9.6096,0.3904
3.5600,10.0000,9.6135,0.3865
3.5700,10.0000,9.6173,0.3827
3.5800,10.0000,9.6211,0.3789
3.5900,10.0000,9.6249,0.3751
3.6000,10.0000,9.6286,0.3714
3.6100,10.0000,9.6323,0.3677
3.6200,10.0000,9.6360,0.3640
3.6300,10.0000,9.6396,0.3604
3.6400,10.0000,9.6432,0.3568
3.6500,10.0000,9.6467,0.3533
3.6600,10.0000,9.6503,0.3497
3.6700,10.0000,9.6537,0.3463
3.6800,10.0000,9.6572,0.3428
3.6900,10.0000,9.6606,0.3394
3.7000,10.0000,9.6640,0.3360
3.7100,10.0000,9.6673,0.3327
3.7200,10.0000,9.6706,0.3294
3.7300,10.0000,9.6739,0.3261
3.7400,10.0000,9.6771,0.3229
3.7500,10.0000,9.6804,0.3196
3.7600,10.0000,9.6835,0.3165
3.7700,10.0000,9.6867,0.3133
3.7800,10.0000,9.6898,0.3102
3.7900,10.0000,9.6929,0.3071
3.8000,10.0000,9.6959,0.3041
3.8100,10.0000,9.6990,0.3010
3.8200,10.0000,9.7020,0.2980
3.8300,10.0000,9.7049,0.2951
3.8400,10.0000,9.7079,0.2921
3.8500,10.0000,9.7108,0.2892
3.8600,10.0000,9.7137,0.2863
3.8700,10.0000,9.7165,0.2835
3.8800,10.0000,9.7193,0.2807
3.8900,10.0000,9.7221,0.2779
3.9000,10.0000,9.7249,0.2751
3.9100,10.0000,9.7276,0.2724
3.9200,10.0000,9.7303,0.2697
3.9300,10.0000,9.7330,0.2670
3.9400,10.0000,9.7357,0.2643
3.9500,10.0000,9.7383,0.2617
3.9600,10.0000,9.7409,0.2591
3.9700,10.0000,9.7435,0.2565
3.9800,10.0000,9.7460,0.2540
3.9900,10.0000,9.7486,0.2514
4.0000,5.0000,9.7511,-4.7511
4.0100,5.0000,9.7038,-4.7038
4.0200,5.0000,9.6570,-4.6570
4.0300,5.0000,9.6106,-4.6106
4.0400,5.0000,9.5648,-4.5648
4.0500,5.0000,9.5194,-4.5194
4.0600,5.0000,9.4744,-4.4744
4.0700,5.0000,9.4299,-4.4299
4.0800,5.0000,9.3858,-4.3858
4.0900,5.0000,9.3421,-4.3421
4.1000,5.0000,9.2989,-4.2989
4.1100,5.0000,9.2562,-4.2562
4.1200,5.0000,9.2138,-4.2138
4.1300,5.0000,9.1719,-4.1719
4.1400,5.0000,9.1304,-4.1304
4.1500,5.0000,9.0893,-4.0893
4.1600,5.0000,9.0486,-4.0486
4.1700,5.0000,9.0083,-4.0083
4.1800,5.0000,8.9684,-3.9684
4.1900,5.0000,8.9289,-3.9289
4.2000,5.0000,8.8898,-3.8898
4.2100,5.0000,8.8511,-3.8511
4.2200,5.0000,8.8128,-3.8128
4.2300,5.0000,8.7749,-3.7749
4.2400,5.0000,8.7373,-3.7373
4.2500,5.0000,8.7001,-3.7001
4.2600,5.0000,8.6633,-3.6633
4.2700,5.0000,8.6269,-3.6269
4.2800,5.0000,8.5908,-3.5908
4.2900,5.0000,8.5550,-3.5550
4.3000,5.0000,8.5197,-3.5197
4.3100,5.0000,8.4847,-3.4847
4.3200,5.0000,8.4500,-3.4500
4.3300,5.0000,8.4157,-3.4157
4.3400,5.0000,8.3817,-3.3817
4.3500,5.0000,8.3480,-3.3480
4.3600,5.0000,8.3147,-3.3147
4.3700,5.0000,8.2817,-3.2817
4.3800,5.0000,8.2491,-3.2491
4.3900,5.0000,8.2167,-3.2167
4.4000,5.0000,8.1847,-3.1847
4.4100,5.0000,8.1530,-3.1530
4.4200,5.0000,8.1217,-3.1217
4.4300,5.0000,8.0906,-3.0906
4.4400,5.0000,8.0599,-3.0599
4.4500,5.0000,8.0294,-3.0294
4.4600,5.0000,7.9993,-2.9993
4.4700,5.0000,7.9694,-2.9694
4.4800,5.0000,7.9399,-2.9399
4.4900,5.0000,7.9106,-2.9106
4.5000,5.0000,7.8817,-2.8817
4.5100,5.0000,7.8530,-2.8530
4.5200,5.0000,7.8246,-2.8246
4.5300,5.0000,7.7965,-2.7965
4.5400,5.0000,7.7687,-2.7687
4.5500,5.0000,7.7411,-2.7411
4.5600,5.0000,7.7139,-2.7139
4.5700,5.0000,7.6868,-2.6868
4.5800,5.0000,7.6601,-2.6601
4.5900,5.0000,7.6336,-2.6336
4.6000,5.0000,7.6074,-2.6074
4.6100,5.0000,7.5815,-2.5815
4.6200,5.0000,7.5558,-2.5558
4.6300,5.0000,7.5304,-2.5304
4.6400,5.0000,7.5052,-2.5052
4.6500,5.0000,7.4803,-2.4803
4.6600,5.0000,7.4556,-2.4556
4.6700,5.0000,7.4312,-2.4312
4.6800,5.0000,7.4070,-2.4070
4.6900,5.0000,7.3830,-2.3830
4.7000,5.0000,7.3593,-2.3593
4.7100,5.0000,7.3358,-2.3358
4.7200,5.0000,7.3126,-2.3126
4.7300,5.0000,7.2896,-2.2896
4.7400,5.0000,7.2668,-2.2668
4.7500,5.0000,7.2442,-2.2442
4.7600,5.0000,7.2219,-2.2219
4.7700,5.0000,7.1998,-2.1998
4.7800,5.0000,7.1779,-2.1779
4.7900,5.0000,7.1562,-2.1562
4.8000,5.0000,7.1348,-2.1348
4.8100,5.0000,7.1135,-2.1135
4.8200,5.0000,7.0925,-2.0925
4.8300,5.0000,7.0717,-2.0717
4.8400,5.0000,7.0511,-2.0511
4.8500,5.0000,7.0307,-2.0307
4.8600,5.0000,7.0105,-2.0105
4.8700,5.0000,6.9905,-1.9905
4.8800,5.0000,6.9707,-1.9707
4.8900,5.0000,6.9511,-1.9511
4.9000,5.0000,6.9316,-1.9316
4.9100,5.0000,6.9124,-1.9124
4.9200,5.0000,6.8934,-1.8934
4.9300,5.0000,6.8746,-1.8746
4.9400,5.0000,6.8559,-1.8559
4.9500,5.0000,6.8374,-1.8374
4.9600,5.0000,6.8191,-1.8191
4.9700,5.0000,6.8010,-1.8010
4.9800,5.0000,6.7831,-1.7831
4.9900,5.0000,6.7654,-1.7654
5.0000,5.0000,6.7478,-1.7478
5.0100,5.0000,6.7304,-1.7304
5.0200,5.0000,6.7132,-1.7132
5.0300,5.0000,6.6962,-1.6962
5.0400,5.0000,6.6793,-1.6793
5.0500,5.0000,6.6626,-1.6626
5.0600,5.0000,6.6460,-1.6460
5.0700,5.0000,6.6297,-1.6297
5.0800,5.0000,6.6134,-1.6134
5.0900,5.0000,6.5974,-1.5974
5.1000,5.0000,6.5815,-1.5815
5.1100,5.0000,6.5658,-1.5658
5.1200,5.0000,6.5502,-1.5502
5.1300,5.0000,6.5348,-1.5348
5.1400,5.0000,6.5195,-1.5195
5.1500,5.0000,6.5044,-1.5044
5.1600,5.0000,6.4894,-1.4894
5.1700,5.0000,6.4746,-1.4746
5.1800,5.0000,6.4599,-1.4599
5.1900,5.0000,6.4454,-1.4454
5.2000,5.0000,6.4310,-1.4310
5.2100,5.0000,6.4168,-1.4168
5.2200,5.0000,6.4027,-1.4027
5.2300,5.0000,6.3887,-1.3887
5.2400,5.0000,6.3749,-1.3749
5.2500,5.0000,6.3612,-1.3612
5.2600,5.0000,6.3477,-1.3477
5.2700,5.0000,6.3342,-1.3342
5.2800,5.0000,6.3210,-1.3210
5.2900,5.0000,6.3078,-1.3078
5.3000,5.0000,6.2948,-1.2948
5.3100,5.0000,6.2819,-1.2819
5.3200,5.0000,6.2692,-1.2692
5.3300,5.0000,6.2565,-1.2565
5.3400,5.0000,6.2440,-1.2440
5.3500,5.0000,6.2317,-1.2317
5.3600,5.0000,6.2194,-1.2194
5.3700,5.0000,6.2073,-1.2073
5.3800,5.0000,6.1953,-1.1953
5.3900,5.0000,6.1834,-1.1834
5.4000,5.0000,6.1716,-1.1716
5.4100,5.0000,6.1599,-1.1599
5.4200,5.0000,6.1484,-1.1484
5.4300,5.0000,6.1370,-1.1370
5.4400,5.0000,6.1257,-1.1257
5.4500,5.0000,6.1145,-1.1145
5.4600,5.0000,6.1034,-1.1034
5.4700,5.0000,6.0924,-1.0924
5.4800,5.0000,6.0815,-1.0815
5.4900,5.0000,6.0708,-1.0708
5.5000,5.0000,6.0601,-1.0601
5.5100,5.0000,6.0496,-1.0496
5.5200,5.0000,6.0391,-1.0391
5.5300,5.0000,6.0288,-1.0288
5.5400,5.0000,6.0185,-1.0185
5.5500,5.0000,6.0084,-1.0084
5.5600,5.0000,5.9984,-0.9984
5.5700,5.0000,5.9884,-0.9884
5.5800,5.0000,5.9786,-0.9786
5.5900,5.0000,5.9689,-0.9689
5.6000,5.0000,5.9592,-0.9592
5.6100,5.0000,5.9497,-0.9497
5.6200,5.0000,5.9402,-0.9402
5.6300,5.0000,5.9309,-0.9309
5.6400,5.0000,5.9216,-0.9216
5.6500,5.0000,5.9124,-0.9124
5.6600,5.0000,5.9034,-0.9034
5.6700,5.0000,5.8944,-0.8944
5.6800,5.0000,5.8855,-0.8855
5.6900,5.0000,5.8767,-0.8767
5.7000,5.0000,5.8679,-0.8679
5.7100,5.0000,5.8593,-0.8593
5.7200,5.0000,5.8508,-0.8508
5.7300,5.0000,5.8423,-0.8423
5.7400,5.0000,5.8339,-0.8339
5.7500,5.0000,5.8256,-0.8256
5.7600,5.0000,5.8174,-0.8174
5.7700,5.0000,5.8093,-0.8093
5.7800,5.0000,5.8012,-0.8012
5.7900,5.0000,5.7932,-0.7932
5.8000,5.0000,5.7853,-0.7853
5.8100,5.0000,5.7775,-0.7775
5.8200,5.0000,5.7698,-0.7698
5.8300,5.0000,5.7621,-0.7621
5.8400,5.0000,5.7546,-0.7546
5.8500,5.0000,5.7470,-0.7470
5.8600,5.0000,5.7396,-0.7396
5.8700,5.0000,5.7323,-0.7323
5.8800,5.0000,5.7250,-0.7250
5.8900,5.0000,5.7178,-0.7178
5.9000,5.0000,5.7106,-0.7106
5.9100,5.0000,5.7035,-0.7035
5.9200,5.0000,5.6965,-0.6965
5.9300,5.0000,5.6896,-0.6896
5.9400,5.0000,5.6827,-0.6827
5.9500,5.0000,5.6760,-0.6760
5.9600,5.0000,5.6692,-0.6692
5.9700,5.0000,5.6626,-0.6626
5.9800,5.0000,5.6560,-0.6560
5.9900,5.0000,5.6494,-0.6494
6.0000,5.0000,5.6430,-0.6430
6.0100,5.0000,5.6366,-0.6366
6.0200,5.0000,5.6303,-0.6303
6.0300,5.0000,5.6240,-0.6240
6.0400,5.0000,5.6178,-0.6178
6.0500,5.0000,5.6116,-0.6116
6.0600,5.0000,5.6055,-0.6055
6.0700,5.0000,5.5995,-0.5995
6.0800,5.0000,5.5936,-0.5936
6.0900,5.0000,5.5876,-0.5876
6.1000,5.0000,5.5818,-0.5818
6.1100,5.0000,5.5760,-0.5760
6.1200,5.0000,5.5703,-0.5703
6.1300,5.0000,5.5646,-0.5646
6.1400,5.0000,5.5590,-0.5590
6.1500,5.0000,5.5534,-0.5534
6.1600,5.0000,5.5479,-0.5479
6.1700,5.0000,5.5425,-0.5425
6.1800,5.0000,5.5371,-0.5371
6.1900,5.0000,5.5317,-0.5317
6.2000,5.0000,5.5264,-0.5264
6.2100,5.0000,5.5212,-0.5212
6.2200,5.0000,5.5160,-0.5160
6.2300,5.0000,5.5109,-0.5109
6.2400,5.0000,5.5058,-0.5058
6.2500,5.0000,5.5008,-0.5008
6.2600,5.0000,5.4958,-0.4958
6.2700,5.0000,5.4908,-0.4908
6.2800,5.0000,5.4860,-0.4860
6.2900,5.0000,5.4811,-0.4811
6.3000,5.0000,5.4763,-0.4763
6.3100,5.0000,5.4716,-0.4716
6.3200,5.0000,5.4669,-0.4669
6.3300,5.0000,5.4623,-0.4623
6.3400,5.0000,5.4577,-0.4577
6.3500,5.0000,5.4531,-0.4531
6.3600,5.0000,5.4486,-0.4486
6.3700,5.0000,5.4441,-0.4441
6.3800,5.0000,5.4397,-0.4397
6.3900,5.0000,5.4353,-0.4353
6.4000,5.0000,5.4310,-0.4310
6.4100,5.0000,5.4267,-0.4267
6.4200,5.0000,5.4225,-0.4225
6.4300,5.0000,5.4183,-0.4183
6.4400,5.0000,5.4141,-0.4141
6.4500,5.0000,5.4100,-0.4100
6.4600,5.0000,5.4059,-0.4059
6.4700,5.0000,5.4019,-0.4019
6.4800,5.0000,5.3979,-0.3979
6.4900,5.0000,5.3939,-0.3939
6.5000,5.0000,5.3900,-0.3900
6.5100,5.0000,5.3861,-0.3861
6.5200,5.0000,5.3823,-0.3823
6.5300,5.0000,5.3785,-0.3785
6.5400,5.0000,5.3747,-0.3747
6.5500,5.0000,5.3710,-0.3710
6.5600,5.0000,5.3673,-0.3673
6.5700,5.0000,5.3636,-0.3636
6.5800,5.0000,5.3600,-0.3600
6.5900,5.0000,5.3564,-0.3564
6.6000,5.0000,5.3529,-0.3529
6.6100,5.0000,5.3494,-0.3494
6.6200,5.0000,5.3459,-0.3459
6.6300,5.0000,5.3424,-0.3424
6.6400,5.0000,5.3390,-0.3390
6.6500,5.0000,5.3357,-0.3357
6.6600,5.0000,5.3323,-0.3323
6.6700,5.0000,5.3290,-0.3290
6.6800,5.0000,5.3257,-0.3257
6.6900,5.0000,5.3225,-0.3225
6.7000,5.0000,5.3193,-0.3193
6.7100,5.0000,5.3161,-0.3161
6.7200,5.0000,5.3130,-0.3130
6.7300,5.0000,5.3099,-0.3099
6.7400,5.0000,5.3068,-0.3068
6.7500,5.0000,5.3037,-0.3037
6.7600,5.0000,5.3007,-0.3007
6.7700,5.0000,5.2977,-0.2977
6.7800,5.0000,5.2947,-0.2947
6.7900,5.0000,5.2918,-0.2918
6.8000,5.0000,5.2889,-0.2889
6.8100,5.0000,5.2860,-0.2860
6.8200,5.0000,5.2832,-0.2832
6.8300,5.0000,5.2804,-0.2804
6.8400,5.0000,5.2776,-0.2776
6.8500,5.0000,5.2748,-0.2748
6.8600,5.0000,5.2721,-0.2721
6.8700,5.0000,5.2694,-0.2694
6.8800,5.0000,5.2667,-0.2667
6.8900,5.0000,5.2640,-0.2640
6.9000,5.0000,5.2614,-0.2614
6.9100,5.0000,5.2588,-0.2588
6.9200,5.0000,5.2562,-0.2562
6.9300,5.0000,5.2537,-0.2537
6.9400,5.0000,5.2512,-0.2512
6.9500,5.0000,5.2487,-0.2487
6.9600,5.0000,5.2462,-0.2462
6.9700,5.0000,5.2437,-0.2437
6.9800,5.0000,5.2413,-0.2413
6.9900,5.0000,5.2389,-0.2389
7.0000,5.0000,5.2365,-0.2365
7.0100,5.0000,5.2342,-0.2342
7.0200,5.0000,5.2319,-0.2319
7.0300,5.0000,5.2296,-0.2296
7.0400,5.0000,5.2273,-0.2273
7.0500,5.0000,5.2250,-0.2250
7.0600,5.0000,5.2228,-0.2228
7.0700,5.0000,5.2205,-0.2205
7.0800,5.0000,5.2184,-0.2184
7.0900,5.0000,5.2162,-0.2162
7.1000,5.0000,5.2140,-0.2140
7.1100,5.0000,5.2119,-0.2119
7.1200,5.0000,5.2098,-0.2098
7.1300,5.0000,5.2077,-0.2077
7.1400,5.0000,5.2056,-0.2056
7.1500,5.0000,5.2036,-0.2036
7.1600,5.0000,5.2016,-0.2016
7.1700,5.0000,5.1996,-0.1996
7.1800,5.0000,5.1976,-0.1976
7.1900,5.0000,5.1956,-0.1956
7.2000,5.0000,5.1937,-0.1937
7.2100,5.0000,5.1917,-0.1917
7.2200,5.0000,5.1898,-0.1898
7.2300,5.0000,5.1879,-0.1879
7.2400,5.0000,5.1861,-0.1861
7.2500,5.0000,5.1842,-0.1842
7.2600,5.0000,5.1824,-0.1824
7.2700,5.0000,5.1806,-0.1806
7.2800,5.0000,5.1788,-0.1788
7.2900,5.0000,5.1770,-0.1770
7.3000,5.0000,5.1752,-0.1752
7.3100,5.0000,5.1735,-0.1735
7.3200,5.0000,5.1718,-0.1718
7.3300,5.0000,5.1701,-0.1701
7.3400,5.0000,5.1684,-0.1684
7.3500,5.0000,5.1667,-0.1667
7.3600,5.0000,5.1650,-0.1650
7.3700,5.0000,5.1634,-0.1634
7.3800,5.0000,5.1618,-0.1618
7.3900,5.0000,5.1602,-0.1602
7.4000,5.0000,5.1586,-0.1586
7.4100,5.0000,5.1570,-0.1570
7.4200,5.0000,5.1554,-0.1554
7.4300,5.0000,5.1539,-0.1539
7.4400,5.0000,5.1523,-0.1523
7.4500,5.0000,5.1508,-0.1508
7.4600,5.0000,5.1493,-0.1493
7.4700,5.0000,5.1478,-0.1478
7.4800,5.0000,5.1464,-0.1464
7.4900,5.0000,5.1449,-0.1449
7.5000,5.0000,5.1435,-0.1435
7.5100,5.0000,5.1420,-0.1420
7.5200,5.0000,5.1406,-0.1406
7.5300,5.0000,5.1392,-0.1392
7.5400,5.0000,5.1378,-0.1378
7.5500,5.0000,5.1365,-0.1365
7.5600,5.0000,5.1351,-0.1351
7.5700,5.0000,5.1338,-0.1338
7.5800,5.0000,5.1324,-0.1324
7.5900,5.0000,5.1311,-0.1311
7.6000,5.0000,5.1298,-0.1298
7.6100,5.0000,5.1285,-0.1285
7.6200,5.0000,5.1272,-0.1272
7.6300,5.0000,5.1260,-0.1260
7.6400,5.0000,5.1247,-0.1247
7.6500,5.0000,5.1235,-0.1235
7.6600,5.0000,5.1223,-0.1223
7.6700,5.0000,5.1210,-0.1210
7.6800,5.0000,5.1198,-0.1198
7.6900,5.0000,5.1186,-0.1186
7.7000,5.0000,5.1175,-0.1175
7.7100,5.0000,5.1163,-0.1163
7.7200,5.0000,5.1151,-0.1151
7.7300,5.0000,5.1140,-0.1140
7.7400,5.0000,5.1129,-0.1129
7.7500,5.0000,5.1117,-0.1117
7.7600,5.0000,5.1106,-0.1106
7.7700,5.0000,5.1095,-0.1095
7.7800,5.0000,5.1084,-0.1084
7.7900,5.0000,5.1074,-0.1074
7.8000,5.0000,5.1063,-0.1063
7.8100,5.0000,5.1052,-0.1052
7.8200,5.0000,5.1042,-0.1042
7.8300,5.0000,5.1031,-0.1031
7.8400,5.0000,5.1021,-0.1021
7.8500,5.0000,5.1011,-0.1011
7.8600,5.0000,5.1001,-0.1001
7.8700,5.0000,5.0991,-0.0991
7.8800,5.0000,5.0981,-0.0981
7.8900,5.0000,5.0971,-0.0971
7.9000,5.0000,5.0962,-0.0962
7.9100,5.0000,5.0952,-0.0952
7.9200,5.0000,5.0943,-0.0943
7.9300,5.0000,5.0933,-0.0933
7.9400,5.0000,5.0924,-0.0924
7.9500,5.0000,5.0915,-0.0915
7.9600,5.0000,5.0906,-0.0906
7.9700,5.0000,5.0897,-0.0897
7.9800,5.0000,5.0888,-0.0888
7.9900,5.0000,5.0879,-0.0879
8.0000,5.0000,5.0870,-0.0870
8.0100,5.0000,5.0862,-0.0862
8.0200,5.0000,5.0853,-0.0853
8.0300,5.0000,5.0844,-0.0844
8.0400,5.0000,5.0836,-0.0836
8.0500,5.0000,5.0828,-0.0828
8.0600,5.0000,5.0820,-0.0820
8.0700,5.0000,5.0811,-0.0811
8.0800,5.0000,5.0803,-0.0803
8.0900,5.0000,5.0795,-0.0795
8.1000,5.0000,5.0787,-0.0787
8.1100,5.0000,5.0780,-0.0780
8.1200,5.0000,5.0772,-0.0772
8.1300,5.0000,5.0764,-0.0764
8.1400,5.0000,5.0757,-0.0757
8.1500,5.0000,5.0749,-0.0749
8.1600,5.0000,5.0742,-0.0742
8.1700,5.0000,5.0734,-0.0734
8.1800,5.0000,5.0727,-0.0727
8.1900,5.0000,5.0720,-0.0720
8.2000,5.0000,5.0712,-0.0712
8.2100,5.0000,5.0705,-0.0705
8.2200,5.0000,5.0698,-0.0698
8.2300,5.0000,5.0691,-0.0691
8.2400,5.0000,5.0685,-0.0685
8.2500,5.0000,5.0678,-0.0678
8.2600,5.0000,5.0671,-0.0671
8.2700,5.0000,5.0664,-0.0664
8.2800,5.0000,5.0658,-0.0658
8.2900,5.0000,5.0651,-0.0651
8.3000,5.0000,5.0645,-0.0645
8.3100,5.0000,5.0638,-0.0638
8.3200,5.0000,5.0632,-0.0632
8.3300,5.0000,5.0626,-0.0626
8.3400,5.0000,5.0619,-0.0619
8.3500,5.0000,5.0613,-0.0613
8.3600,5.0000,5.0607,-0.0607
8.3700,5.0000,5.0601,-0.0601
8.3800,5.0000,5.0595,-0.0595
8.3900,5.0000,5.0589,-0.0589
8.4000,5.0000,5.0583,-0.0583
8.4100,5.0000,5.0578,-0.0578
8.4200,5.0000,5.0572,-0.0572
8.4300,5.0000,5.0566,-0.0566
8.4400,5.0000,5.0560,-0.0560
8.4500,5.0000,5.0555,-0.0555
8.4600,5.0000,5.0549,-0.0549
8.4700,5.0000,5.0544,-0.0544
8.4800,5.0000,5.0538,-0.0538
8.4900,5.0000,5.0533,-0.0533
8.5000,5.0000,5.0528,-0.0528
8.5100,5.0000,5.0523,-0.0523
8.5200,5.0000,5.0517,-0.0517
8.5300,5.0000,5.0512,-0.0512
8.5400,5.0000,5.0507,-0.0507
8.5500,5.0000,5.0502,-0.0502
8.5600,5.0000,5.0497,-0.0497
8.5700,5.0000,5.0492,-0.0492
8.5800,5.0000,5.0487,-0.0487
8.5900,5.0000,5.0482,-0.0482
8.6000,5.0000,5.0478,-0.0478
8.6100,5.0000,5.0473,-0.0473
8.6200,5.0000,5.0468,-0.0468
8.6300,5.0000,5.0463,-0.0463
8.6400,5.0000,5.0459,-0.0459
8.6500,5.0000,5.0454,-0.0454
8.6600,5.0000,5.0450,-0.0450
8.6700,5.0000,5.0445,-0.0445
8.6800,5.0000,5.0441,-0.0441
8.6900,5.0000,5.0436,-0.0436
8.7000,5.0000,5.0432,-0.0432
8.7100,5.0000,5.0428,-0.0428
8.7200,5.0000,5.0424,-0.0424
8.7300,5.0000,5.0419,-0.0419
8.7400,5.0000,5.0415,-0.0415
8.7500,5.0000,5.0411,-0.0411
8.7600,5.0000,5.0407,-0.0407
8.7700,5.0000,5.0403,-0.0403
8.7800,5.0000,5.0399,-0.0399
8.7900,5.0000,5.0395,-0.0395
8.8000,5.0000,5.0391,-0.0391
8.8100,5.0000,5.0387,-0.0387
8.8200,5.0000,5.0383,-0.0383
8.8300,5.0000,5.0379,-0.0379
8.8400,5.0000,5.0376,-0.0376
8.8500,5.0000,5.0372,-0.0372
8.8600,5.0000,5.0368,-0.0368
8.8700,5.0000,5.0365,-0.0365
8.8800,5.0000,5.0361,-0.0361
8.8900,5.0000,5.0357,-0.0357
8.9000,5.0000,5.0354,-0.0354
8.9100,5.0000,5.0350,-0.0350
8.9200,5.0000,5.0347,-0.0347
8.9300,5.0000,5.0343,-0.0343
8.9400,5.0000,5.0340,-0.0340
8.9500,5.0000,5.0337,-0.0337
8.9600,5.0000,5.0333,-0.0333
8.9700,5.0000,5.0330,-0.0330
8.9800,5.0000,5.0327,-0.0327
8.9900,5.0000,5.0323,-0.0323
